0 verbose cli C:\Program Files\nodejs\node.exe C:\Users\Eniola\AppData\Roaming\npm\node_modules\npm\bin\npm-cli.js
1 info using npm@10.8.1
2 info using node@v20.14.0
3 silly config load:file:C:\Users\Eniola\AppData\Roaming\npm\node_modules\npm\npmrc
4 silly config load:file:C:\Users\Eniola\everythingmeat-frontend\.npmrc
5 silly config load:file:C:\Users\Eniola\.npmrc
6 silly config load:file:C:\Users\Eniola\AppData\Roaming\npm\etc\npmrc
7 verbose title npm install
8 verbose argv "install"
9 verbose logfile logs-max:10 dir:C:\Users\Eniola\everythingmeat-frontend\UsersEniolaAppDataRoamingnpm-cache\_logs\2024-12-05T09_26_42_707Z-
10 verbose logfile C:\Users\Eniola\everythingmeat-frontend\UsersEniolaAppDataRoamingnpm-cache\_logs\2024-12-05T09_26_42_707Z-debug-0.log
11 silly packumentCache heap:2197815296 maxSize:549453824 maxEntrySize:274726912
12 silly logfile done cleaning log files
13 silly idealTree buildDeps
14 silly fetch manifest next@^15.0.3
15 silly packumentCache full:https://registry.npmjs.org/next cache-miss
16 http fetch GET 200 https://registry.npmjs.org/next 4422ms (cache miss)
17 silly packumentCache full:https://registry.npmjs.org/next set size:undefined disposed:false
18 silly fetch manifest @opentelemetry/api@^1.1.0
19 silly packumentCache full:https://registry.npmjs.org/@opentelemetry%2fapi cache-miss
20 http fetch GET 200 https://registry.npmjs.org/@opentelemetry%2fapi 352ms (cache miss)
21 silly packumentCache full:https://registry.npmjs.org/@opentelemetry%2fapi set size:undefined disposed:false
22 silly fetch manifest @playwright/test@^1.41.2
23 silly packumentCache full:https://registry.npmjs.org/@playwright%2ftest cache-miss
24 http fetch GET 200 https://registry.npmjs.org/@playwright%2ftest 5312ms (cache miss)
25 silly packumentCache full:https://registry.npmjs.org/@playwright%2ftest set size:undefined disposed:false
26 silly fetch manifest babel-plugin-react-compiler@*
27 silly packumentCache full:https://registry.npmjs.org/babel-plugin-react-compiler cache-miss
28 http fetch GET 200 https://registry.npmjs.org/babel-plugin-react-compiler 295ms (cache miss)
29 silly packumentCache full:https://registry.npmjs.org/babel-plugin-react-compiler set size:undefined disposed:false
30 silly fetch manifest react@19.0.0-rc-66855b96-20241106
31 silly packumentCache full:https://registry.npmjs.org/react cache-miss
32 http fetch GET 200 https://registry.npmjs.org/react 4491ms (cache miss)
33 silly packumentCache full:https://registry.npmjs.org/react set size:undefined disposed:false
34 silly fetch manifest react-dom@19.0.0-rc-66855b96-20241106
35 silly packumentCache full:https://registry.npmjs.org/react-dom cache-miss
36 http fetch GET 200 https://registry.npmjs.org/react-dom 4042ms (cache miss)
37 silly packumentCache full:https://registry.npmjs.org/react-dom set size:undefined disposed:false
38 silly fetch manifest sass@^1.3.0
39 silly packumentCache full:https://registry.npmjs.org/sass cache-miss
40 http fetch GET 200 https://registry.npmjs.org/sass 696ms (cache miss)
41 silly packumentCache full:https://registry.npmjs.org/sass set size:undefined disposed:false
42 silly fetch manifest @types/node@^20
43 silly packumentCache full:https://registry.npmjs.org/@types%2fnode cache-miss
44 http fetch GET 200 https://registry.npmjs.org/@types%2fnode 12397ms (cache miss)
45 silly packumentCache full:https://registry.npmjs.org/@types%2fnode set size:undefined disposed:false
46 silly fetch manifest @types/react@^18
47 silly packumentCache full:https://registry.npmjs.org/@types%2freact cache-miss
48 http fetch GET 200 https://registry.npmjs.org/@types%2freact 1191ms (cache miss)
49 silly packumentCache full:https://registry.npmjs.org/@types%2freact set size:undefined disposed:false
50 silly fetch manifest @types/react-dom@^18
51 silly packumentCache full:https://registry.npmjs.org/@types%2freact-dom cache-miss
52 http fetch GET 200 https://registry.npmjs.org/@types%2freact-dom 2362ms (cache miss)
53 silly packumentCache full:https://registry.npmjs.org/@types%2freact-dom set size:undefined disposed:false
54 silly fetch manifest eslint@^8
55 silly packumentCache full:https://registry.npmjs.org/eslint cache-miss
56 http fetch GET 200 https://registry.npmjs.org/eslint 6917ms (cache miss)
57 silly packumentCache full:https://registry.npmjs.org/eslint set size:undefined disposed:false
58 silly fetch manifest eslint-config-next@15.0.3
59 silly packumentCache full:https://registry.npmjs.org/eslint-config-next cache-miss
60 http fetch GET 200 https://registry.npmjs.org/eslint-config-next 3723ms (cache miss)
61 silly packumentCache full:https://registry.npmjs.org/eslint-config-next set size:undefined disposed:false
62 silly fetch manifest typescript@^5
63 silly packumentCache full:https://registry.npmjs.org/typescript cache-miss
64 http fetch GET 200 https://registry.npmjs.org/typescript 5487ms (cache miss)
65 silly packumentCache full:https://registry.npmjs.org/typescript set size:undefined disposed:false
66 silly fetch manifest postcss@^8
67 silly packumentCache full:https://registry.npmjs.org/postcss cache-miss
68 http fetch GET 200 https://registry.npmjs.org/postcss 839ms (cache miss)
69 silly packumentCache full:https://registry.npmjs.org/postcss set size:undefined disposed:false
70 silly fetch manifest tailwindcss@^3.4.1
71 silly packumentCache full:https://registry.npmjs.org/tailwindcss cache-miss
72 http fetch GET 200 https://registry.npmjs.org/tailwindcss 3567ms (cache miss)
73 silly packumentCache full:https://registry.npmjs.org/tailwindcss set size:undefined disposed:false
74 silly placeDep ROOT @types/node@20.17.9 OK for: client@0.1.0 want: ^20
75 silly placeDep ROOT @types/react@18.3.13 OK for: client@0.1.0 want: ^18
76 silly placeDep ROOT @types/react-dom@18.3.1 OK for: client@0.1.0 want: ^18
77 silly placeDep ROOT eslint@8.57.1 OK for: client@0.1.0 want: ^8
78 silly placeDep ROOT eslint-config-next@15.0.3 OK for: client@0.1.0 want: 15.0.3
79 silly placeDep ROOT next@15.0.3 OK for: client@0.1.0 want: ^15.0.3
80 silly placeDep ROOT react@19.0.0-rc-66855b96-20241106 OK for: next@15.0.3 want: ^18.2.0 || 19.0.0-rc-66855b96-20241106
81 silly placeDep ROOT react-dom@19.0.0-rc-66855b96-20241106 OK for: next@15.0.3 want: ^18.2.0 || 19.0.0-rc-66855b96-20241106
82 silly placeDep ROOT postcss@8.4.49 OK for: client@0.1.0 want: ^8
83 silly placeDep ROOT tailwindcss@3.4.16 OK for: client@0.1.0 want: ^3.4.1
84 silly placeDep ROOT typescript@5.7.2 OK for: client@0.1.0 want: ^5
85 silly fetch manifest undici-types@~6.19.2
86 silly packumentCache full:https://registry.npmjs.org/undici-types cache-miss
87 silly fetch manifest csstype@^3.0.2
88 silly packumentCache full:https://registry.npmjs.org/csstype cache-miss
89 silly fetch manifest @types/prop-types@*
90 silly packumentCache full:https://registry.npmjs.org/@types%2fprop-types cache-miss
91 http fetch GET 200 https://registry.npmjs.org/undici-types 256ms (cache miss)
92 silly packumentCache full:https://registry.npmjs.org/undici-types set size:undefined disposed:false
93 silly fetch manifest ajv@^6.12.4
94 silly packumentCache full:https://registry.npmjs.org/ajv cache-miss
95 http fetch GET 200 https://registry.npmjs.org/ajv 554ms (cache miss)
96 silly packumentCache full:https://registry.npmjs.org/ajv set size:undefined disposed:false
97 silly fetch manifest levn@^0.4.1
98 silly packumentCache full:https://registry.npmjs.org/levn cache-miss
99 http fetch GET 200 https://registry.npmjs.org/@types%2fprop-types 897ms (cache miss)
100 silly packumentCache full:https://registry.npmjs.org/@types%2fprop-types set size:undefined disposed:false
101 silly fetch manifest chalk@^4.0.0
102 silly packumentCache full:https://registry.npmjs.org/chalk cache-miss
103 http fetch GET 200 https://registry.npmjs.org/csstype 985ms (cache miss)
104 silly packumentCache full:https://registry.npmjs.org/csstype set size:undefined disposed:false
105 silly fetch manifest debug@^4.3.2
106 silly packumentCache full:https://registry.npmjs.org/debug cache-miss
107 http fetch GET 200 https://registry.npmjs.org/levn 415ms (cache miss)
108 silly packumentCache full:https://registry.npmjs.org/levn set size:undefined disposed:false
109 silly fetch manifest espree@^9.6.1
110 silly packumentCache full:https://registry.npmjs.org/espree cache-miss
111 http fetch GET 200 https://registry.npmjs.org/chalk 884ms (cache miss)
112 silly packumentCache full:https://registry.npmjs.org/chalk set size:undefined disposed:false
113 silly fetch manifest ignore@^5.2.0
114 silly packumentCache full:https://registry.npmjs.org/ignore cache-miss
115 http fetch GET 200 https://registry.npmjs.org/debug 1147ms (cache miss)
116 silly packumentCache full:https://registry.npmjs.org/debug set size:undefined disposed:false
117 silly fetch manifest esquery@^1.4.2
118 silly packumentCache full:https://registry.npmjs.org/esquery cache-miss
119 http fetch GET 200 https://registry.npmjs.org/espree 957ms (cache miss)
120 silly packumentCache full:https://registry.npmjs.org/espree set size:undefined disposed:false
121 silly fetch manifest esutils@^2.0.2
122 silly packumentCache full:https://registry.npmjs.org/esutils cache-miss
123 http fetch GET 200 https://registry.npmjs.org/ignore 624ms (cache miss)
124 silly packumentCache full:https://registry.npmjs.org/ignore set size:undefined disposed:false
125 silly fetch manifest find-up@^5.0.0
126 silly packumentCache full:https://registry.npmjs.org/find-up cache-miss
127 http fetch GET 200 https://registry.npmjs.org/esquery 277ms (cache miss)
128 silly packumentCache full:https://registry.npmjs.org/esquery set size:undefined disposed:false
129 silly fetch manifest globals@^13.19.0
130 silly packumentCache full:https://registry.npmjs.org/globals cache-miss
131 http fetch GET 200 https://registry.npmjs.org/esutils 218ms (cache miss)
132 silly packumentCache full:https://registry.npmjs.org/esutils set size:undefined disposed:false
133 silly fetch manifest is-glob@^4.0.0
134 silly packumentCache full:https://registry.npmjs.org/is-glob cache-miss
135 http fetch GET 200 https://registry.npmjs.org/globals 304ms (cache miss)
136 silly packumentCache full:https://registry.npmjs.org/globals set size:undefined disposed:false
137 silly fetch manifest js-yaml@^4.1.0
138 silly packumentCache full:https://registry.npmjs.org/js-yaml cache-miss
139 http fetch GET 200 https://registry.npmjs.org/is-glob 316ms (cache miss)
140 silly packumentCache full:https://registry.npmjs.org/is-glob set size:undefined disposed:false
141 silly fetch manifest doctrine@^3.0.0
142 silly packumentCache full:https://registry.npmjs.org/doctrine cache-miss
143 http fetch GET 200 https://registry.npmjs.org/find-up 357ms (cache miss)
144 silly packumentCache full:https://registry.npmjs.org/find-up set size:undefined disposed:false
145 silly fetch manifest graphemer@^1.4.0
146 silly packumentCache full:https://registry.npmjs.org/graphemer cache-miss
147 http fetch GET 200 https://registry.npmjs.org/graphemer 229ms (cache miss)
148 silly packumentCache full:https://registry.npmjs.org/graphemer set size:undefined disposed:false
149 silly fetch manifest minimatch@^3.1.2
150 silly packumentCache full:https://registry.npmjs.org/minimatch cache-miss
151 http fetch GET 200 https://registry.npmjs.org/js-yaml 278ms (cache miss)
152 silly packumentCache full:https://registry.npmjs.org/js-yaml set size:undefined disposed:false
153 silly fetch manifest @eslint/js@8.57.1
154 silly packumentCache full:https://registry.npmjs.org/@eslint%2fjs cache-miss
155 http fetch GET 200 https://registry.npmjs.org/doctrine 287ms (cache miss)
156 silly packumentCache full:https://registry.npmjs.org/doctrine set size:undefined disposed:false
157 silly fetch manifest optionator@^0.9.3
158 silly packumentCache full:https://registry.npmjs.org/optionator cache-miss
159 http fetch GET 200 https://registry.npmjs.org/@eslint%2fjs 398ms (cache miss)
160 silly packumentCache full:https://registry.npmjs.org/@eslint%2fjs set size:undefined disposed:false
161 silly fetch manifest strip-ansi@^6.0.1
162 silly packumentCache full:https://registry.npmjs.org/strip-ansi cache-miss
163 http fetch GET 200 https://registry.npmjs.org/optionator 395ms (cache miss)
164 silly packumentCache full:https://registry.npmjs.org/optionator set size:undefined disposed:false
165 silly fetch manifest text-table@^0.2.0
166 silly packumentCache full:https://registry.npmjs.org/text-table cache-miss
167 http fetch GET 200 https://registry.npmjs.org/minimatch 460ms (cache miss)
168 silly packumentCache full:https://registry.npmjs.org/minimatch set size:undefined disposed:false
169 silly fetch manifest cross-spawn@^7.0.2
170 silly packumentCache full:https://registry.npmjs.org/cross-spawn cache-miss
171 http fetch GET 200 https://registry.npmjs.org/strip-ansi 253ms (cache miss)
172 silly packumentCache full:https://registry.npmjs.org/strip-ansi set size:undefined disposed:false
173 silly fetch manifest glob-parent@^6.0.2
174 silly packumentCache full:https://registry.npmjs.org/glob-parent cache-miss
175 http fetch GET 200 https://registry.npmjs.org/text-table 264ms (cache miss)
176 silly packumentCache full:https://registry.npmjs.org/text-table set size:undefined disposed:false
177 silly fetch manifest imurmurhash@^0.1.4
178 silly packumentCache full:https://registry.npmjs.org/imurmurhash cache-miss
179 http fetch GET 200 https://registry.npmjs.org/cross-spawn 248ms (cache miss)
180 silly packumentCache full:https://registry.npmjs.org/cross-spawn set size:undefined disposed:false
181 silly fetch manifest eslint-scope@^7.2.2
182 silly packumentCache full:https://registry.npmjs.org/eslint-scope cache-miss
183 http fetch GET 200 https://registry.npmjs.org/imurmurhash 343ms (cache miss)
184 silly packumentCache full:https://registry.npmjs.org/imurmurhash set size:undefined disposed:false
185 silly fetch manifest lodash.merge@^4.6.2
186 silly packumentCache full:https://registry.npmjs.org/lodash.merge cache-miss
187 http fetch GET 200 https://registry.npmjs.org/eslint-scope 470ms (cache miss)
188 silly packumentCache full:https://registry.npmjs.org/eslint-scope set size:undefined disposed:false
189 silly fetch manifest is-path-inside@^3.0.3
190 silly packumentCache full:https://registry.npmjs.org/is-path-inside cache-miss
191 http fetch GET 200 https://registry.npmjs.org/glob-parent 516ms (cache miss)
192 silly packumentCache full:https://registry.npmjs.org/glob-parent set size:undefined disposed:false
193 silly fetch manifest fast-deep-equal@^3.1.3
194 silly packumentCache full:https://registry.npmjs.org/fast-deep-equal cache-miss
195 http fetch GET 200 https://registry.npmjs.org/lodash.merge 215ms (cache miss)
196 silly packumentCache full:https://registry.npmjs.org/lodash.merge set size:undefined disposed:false
197 silly fetch manifest natural-compare@^1.4.0
198 silly packumentCache full:https://registry.npmjs.org/natural-compare cache-miss
199 http fetch GET 200 https://registry.npmjs.org/fast-deep-equal 286ms (cache miss)
200 silly packumentCache full:https://registry.npmjs.org/fast-deep-equal set size:undefined disposed:false
201 silly fetch manifest @eslint/eslintrc@^2.1.4
202 silly packumentCache full:https://registry.npmjs.org/@eslint%2feslintrc cache-miss
203 http fetch GET 200 https://registry.npmjs.org/is-path-inside 314ms (cache miss)
204 silly packumentCache full:https://registry.npmjs.org/is-path-inside set size:undefined disposed:false
205 silly fetch manifest @nodelib/fs.walk@^1.2.8
206 silly packumentCache full:https://registry.npmjs.org/@nodelib%2ffs.walk cache-miss
207 http fetch GET 200 https://registry.npmjs.org/natural-compare 252ms (cache miss)
208 silly packumentCache full:https://registry.npmjs.org/natural-compare set size:undefined disposed:false
209 silly fetch manifest file-entry-cache@^6.0.1
210 silly packumentCache full:https://registry.npmjs.org/file-entry-cache cache-miss
211 http fetch GET 200 https://registry.npmjs.org/file-entry-cache 269ms (cache miss)
212 silly packumentCache full:https://registry.npmjs.org/file-entry-cache set size:undefined disposed:false
213 silly fetch manifest eslint-visitor-keys@^3.4.3
214 silly packumentCache full:https://registry.npmjs.org/eslint-visitor-keys cache-miss
215 http fetch GET 200 https://registry.npmjs.org/@nodelib%2ffs.walk 297ms (cache miss)
216 silly packumentCache full:https://registry.npmjs.org/@nodelib%2ffs.walk set size:undefined disposed:false
217 silly fetch manifest escape-string-regexp@^4.0.0
218 silly packumentCache full:https://registry.npmjs.org/escape-string-regexp cache-miss
219 http fetch GET 200 https://registry.npmjs.org/@eslint%2feslintrc 368ms (cache miss)
220 silly packumentCache full:https://registry.npmjs.org/@eslint%2feslintrc set size:undefined disposed:false
221 silly fetch manifest @ungap/structured-clone@^1.2.0
222 silly packumentCache full:https://registry.npmjs.org/@ungap%2fstructured-clone cache-miss
223 http fetch GET 200 https://registry.npmjs.org/escape-string-regexp 323ms (cache miss)
224 silly packumentCache full:https://registry.npmjs.org/escape-string-regexp set size:undefined disposed:false
225 silly fetch manifest @eslint-community/regexpp@^4.6.1
226 silly packumentCache full:https://registry.npmjs.org/@eslint-community%2fregexpp cache-miss
227 http fetch GET 200 https://registry.npmjs.org/@ungap%2fstructured-clone 273ms (cache miss)
228 silly packumentCache full:https://registry.npmjs.org/@ungap%2fstructured-clone set size:undefined disposed:false
229 silly fetch manifest @humanwhocodes/config-array@^0.13.0
230 silly packumentCache full:https://registry.npmjs.org/@humanwhocodes%2fconfig-array cache-miss
231 http fetch GET 200 https://registry.npmjs.org/eslint-visitor-keys 349ms (cache miss)
232 silly packumentCache full:https://registry.npmjs.org/eslint-visitor-keys set size:undefined disposed:false
233 silly fetch manifest @eslint-community/eslint-utils@^4.2.0
234 silly packumentCache full:https://registry.npmjs.org/@eslint-community%2feslint-utils cache-miss
235 http fetch GET 200 https://registry.npmjs.org/@eslint-community%2fregexpp 270ms (cache miss)
236 silly packumentCache full:https://registry.npmjs.org/@eslint-community%2fregexpp set size:undefined disposed:false
237 silly fetch manifest @humanwhocodes/module-importer@^1.0.1
238 silly packumentCache full:https://registry.npmjs.org/@humanwhocodes%2fmodule-importer cache-miss
239 http fetch GET 200 https://registry.npmjs.org/@eslint-community%2feslint-utils 310ms (cache miss)
240 silly packumentCache full:https://registry.npmjs.org/@eslint-community%2feslint-utils set size:undefined disposed:false
241 silly fetch manifest json-stable-stringify-without-jsonify@^1.0.1
242 silly packumentCache full:https://registry.npmjs.org/json-stable-stringify-without-jsonify cache-miss
243 http fetch GET 200 https://registry.npmjs.org/@humanwhocodes%2fconfig-array 379ms (cache miss)
244 silly packumentCache full:https://registry.npmjs.org/@humanwhocodes%2fconfig-array set size:undefined disposed:false
245 silly fetch manifest eslint-plugin-react@^7.35.0
246 silly packumentCache full:https://registry.npmjs.org/eslint-plugin-react cache-miss
247 http fetch GET 200 https://registry.npmjs.org/@humanwhocodes%2fmodule-importer 287ms (cache miss)
248 silly packumentCache full:https://registry.npmjs.org/@humanwhocodes%2fmodule-importer set size:undefined disposed:false
249 silly fetch manifest eslint-plugin-import@^2.31.0
250 silly packumentCache full:https://registry.npmjs.org/eslint-plugin-import cache-miss
251 http fetch GET 200 https://registry.npmjs.org/json-stable-stringify-without-jsonify 248ms (cache miss)
252 silly packumentCache full:https://registry.npmjs.org/json-stable-stringify-without-jsonify set size:undefined disposed:false
253 silly fetch manifest eslint-plugin-jsx-a11y@^6.10.0
254 silly packumentCache full:https://registry.npmjs.org/eslint-plugin-jsx-a11y cache-miss
255 http fetch GET 200 https://registry.npmjs.org/eslint-plugin-import 270ms (cache miss)
256 silly packumentCache full:https://registry.npmjs.org/eslint-plugin-import set size:undefined disposed:false
257 silly fetch manifest @rushstack/eslint-patch@^1.10.3
258 silly packumentCache full:https://registry.npmjs.org/@rushstack%2feslint-patch cache-miss
259 http fetch GET 200 https://registry.npmjs.org/eslint-plugin-jsx-a11y 306ms (cache miss)
260 silly packumentCache full:https://registry.npmjs.org/eslint-plugin-jsx-a11y set size:undefined disposed:false
261 silly fetch manifest @next/eslint-plugin-next@15.0.3
262 silly packumentCache full:https://registry.npmjs.org/@next%2feslint-plugin-next cache-miss
263 http fetch GET 200 https://registry.npmjs.org/eslint-plugin-react 516ms (cache miss)
264 silly packumentCache full:https://registry.npmjs.org/eslint-plugin-react set size:undefined disposed:false
265 silly fetch manifest @typescript-eslint/parser@^5.4.2 || ^6.0.0 || ^7.0.0 || ^8.0.0
266 silly packumentCache full:https://registry.npmjs.org/@typescript-eslint%2fparser cache-miss
267 http fetch GET 200 https://registry.npmjs.org/@rushstack%2feslint-patch 331ms (cache miss)
268 silly packumentCache full:https://registry.npmjs.org/@rushstack%2feslint-patch set size:undefined disposed:false
269 silly fetch manifest eslint-plugin-react-hooks@^5.0.0
270 silly packumentCache full:https://registry.npmjs.org/eslint-plugin-react-hooks cache-miss
271 http fetch GET 200 https://registry.npmjs.org/@next%2feslint-plugin-next 6167ms (cache miss)
272 silly packumentCache full:https://registry.npmjs.org/@next%2feslint-plugin-next set size:undefined disposed:false
273 silly fetch manifest eslint-import-resolver-node@^0.3.6
274 silly packumentCache full:https://registry.npmjs.org/eslint-import-resolver-node cache-miss
275 http fetch GET 200 https://registry.npmjs.org/eslint-import-resolver-node 5221ms (cache miss)
276 silly packumentCache full:https://registry.npmjs.org/eslint-import-resolver-node set size:undefined disposed:false
277 silly fetch manifest @typescript-eslint/eslint-plugin@^5.4.2 || ^6.0.0 || ^7.0.0 || ^8.0.0
278 silly packumentCache full:https://registry.npmjs.org/@typescript-eslint%2feslint-plugin cache-miss
279 http fetch GET 200 https://registry.npmjs.org/eslint-plugin-react-hooks 19809ms (cache miss)
280 silly packumentCache full:https://registry.npmjs.org/eslint-plugin-react-hooks set size:undefined disposed:false
281 silly fetch manifest eslint-import-resolver-typescript@^3.5.2
282 silly packumentCache full:https://registry.npmjs.org/eslint-import-resolver-typescript cache-miss
283 http fetch GET 200 https://registry.npmjs.org/eslint-import-resolver-typescript 5894ms (cache miss)
284 silly packumentCache full:https://registry.npmjs.org/eslint-import-resolver-typescript set size:undefined disposed:false
285 silly fetch manifest busboy@1.6.0
286 silly packumentCache full:https://registry.npmjs.org/busboy cache-miss
287 http fetch GET 200 https://registry.npmjs.org/busboy 21853ms (cache miss)
288 silly packumentCache full:https://registry.npmjs.org/busboy set size:undefined disposed:false
289 silly fetch manifest postcss@8.4.31
290 silly packumentCache full:https://registry.npmjs.org/postcss cache-miss
291 http fetch GET 200 https://registry.npmjs.org/postcss 119ms (cache hit)
292 silly packumentCache full:https://registry.npmjs.org/postcss set size:675229 disposed:false
293 silly fetch manifest @next/env@15.0.3
294 silly packumentCache full:https://registry.npmjs.org/@next%2fenv cache-miss
295 http fetch GET 200 https://registry.npmjs.org/@next%2fenv 11948ms (cache miss)
296 silly packumentCache full:https://registry.npmjs.org/@next%2fenv set size:undefined disposed:false
297 silly fetch manifest styled-jsx@5.1.6
298 silly packumentCache full:https://registry.npmjs.org/styled-jsx cache-miss
299 http fetch GET 200 https://registry.npmjs.org/@typescript-eslint%2feslint-plugin 49248ms (cache miss)
300 silly packumentCache full:https://registry.npmjs.org/@typescript-eslint%2feslint-plugin set size:undefined disposed:false
301 silly fetch manifest @swc/counter@0.1.3
302 silly packumentCache full:https://registry.npmjs.org/@swc%2fcounter cache-miss
303 http fetch GET 200 https://registry.npmjs.org/styled-jsx 698ms (cache miss)
304 silly packumentCache full:https://registry.npmjs.org/styled-jsx set size:undefined disposed:false
305 silly fetch manifest @swc/helpers@0.5.13
306 silly packumentCache full:https://registry.npmjs.org/@swc%2fhelpers cache-miss
307 http fetch GET 200 https://registry.npmjs.org/@typescript-eslint%2fparser 60914ms (cache miss)
308 silly packumentCache full:https://registry.npmjs.org/@typescript-eslint%2fparser set size:undefined disposed:false
309 silly fetch manifest caniuse-lite@^1.0.30001579
310 silly packumentCache full:https://registry.npmjs.org/caniuse-lite cache-miss
311 http fetch GET 200 https://registry.npmjs.org/@swc%2fcounter 236ms (cache miss)
312 silly packumentCache full:https://registry.npmjs.org/@swc%2fcounter set size:undefined disposed:false
313 silly fetch manifest sharp@^0.33.5
314 silly packumentCache full:https://registry.npmjs.org/sharp cache-miss
315 http fetch GET 200 https://registry.npmjs.org/@swc%2fhelpers 810ms (cache miss)
316 silly packumentCache full:https://registry.npmjs.org/@swc%2fhelpers set size:undefined disposed:false
317 silly fetch manifest @next/swc-darwin-x64@15.0.3
318 silly packumentCache full:https://registry.npmjs.org/@next%2fswc-darwin-x64 cache-miss
319 http fetch GET 200 https://registry.npmjs.org/sharp 1119ms (cache miss)
320 silly packumentCache full:https://registry.npmjs.org/sharp set size:undefined disposed:false
321 silly fetch manifest @next/swc-darwin-arm64@15.0.3
322 silly packumentCache full:https://registry.npmjs.org/@next%2fswc-darwin-arm64 cache-miss
323 http fetch GET 200 https://registry.npmjs.org/caniuse-lite 5717ms (cache miss)
324 silly packumentCache full:https://registry.npmjs.org/caniuse-lite set size:undefined disposed:false
325 silly fetch manifest @next/swc-linux-x64-gnu@15.0.3
326 silly packumentCache full:https://registry.npmjs.org/@next%2fswc-linux-x64-gnu cache-miss
327 http fetch GET https://registry.npmjs.org/@next%2fswc-linux-x64-gnu attempt 1 failed with ECONNRESET
328 http fetch GET 200 https://registry.npmjs.org/@next%2fswc-darwin-x64 20366ms (cache miss)
329 silly packumentCache full:https://registry.npmjs.org/@next%2fswc-darwin-x64 set size:undefined disposed:false
330 silly fetch manifest @next/swc-linux-x64-musl@15.0.3
331 silly packumentCache full:https://registry.npmjs.org/@next%2fswc-linux-x64-musl cache-miss
332 http fetch GET 200 https://registry.npmjs.org/@next%2fswc-linux-x64-musl 2944ms (cache miss)
333 silly packumentCache full:https://registry.npmjs.org/@next%2fswc-linux-x64-musl set size:undefined disposed:false
334 silly fetch manifest @next/swc-win32-x64-msvc@15.0.3
335 silly packumentCache full:https://registry.npmjs.org/@next%2fswc-win32-x64-msvc cache-miss
336 http fetch GET 200 https://registry.npmjs.org/@next%2fswc-win32-x64-msvc 2167ms (cache miss)
337 silly packumentCache full:https://registry.npmjs.org/@next%2fswc-win32-x64-msvc set size:undefined disposed:false
338 silly fetch manifest @next/swc-linux-arm64-gnu@15.0.3
339 silly packumentCache full:https://registry.npmjs.org/@next%2fswc-linux-arm64-gnu cache-miss
340 http fetch GET 200 https://registry.npmjs.org/@next%2fswc-linux-arm64-gnu 1748ms (cache miss)
341 silly packumentCache full:https://registry.npmjs.org/@next%2fswc-linux-arm64-gnu set size:undefined disposed:false
342 silly fetch manifest @next/swc-linux-arm64-musl@15.0.3
343 silly packumentCache full:https://registry.npmjs.org/@next%2fswc-linux-arm64-musl cache-miss
344 http fetch GET 200 https://registry.npmjs.org/@next%2fswc-linux-arm64-musl 2838ms (cache miss)
345 silly packumentCache full:https://registry.npmjs.org/@next%2fswc-linux-arm64-musl set size:undefined disposed:false
346 silly fetch manifest @next/swc-win32-arm64-msvc@15.0.3
347 silly packumentCache full:https://registry.npmjs.org/@next%2fswc-win32-arm64-msvc cache-miss
348 http fetch GET 200 https://registry.npmjs.org/@next%2fswc-win32-arm64-msvc 3716ms (cache miss)
349 silly packumentCache full:https://registry.npmjs.org/@next%2fswc-win32-arm64-msvc set size:undefined disposed:false
350 silly fetch manifest scheduler@0.25.0-rc-66855b96-20241106
351 silly packumentCache full:https://registry.npmjs.org/scheduler cache-miss
352 http fetch GET 200 https://registry.npmjs.org/@next%2fswc-linux-x64-gnu 29001ms attempt #2 (cache miss)
353 silly packumentCache full:https://registry.npmjs.org/@next%2fswc-linux-x64-gnu set size:undefined disposed:false
354 silly fetch manifest nanoid@^3.3.7
355 silly packumentCache full:https://registry.npmjs.org/nanoid cache-miss
356 http fetch GET 200 https://registry.npmjs.org/nanoid 793ms (cache miss)
357 silly packumentCache full:https://registry.npmjs.org/nanoid set size:undefined disposed:false
358 silly fetch manifest picocolors@^1.1.1
359 silly packumentCache full:https://registry.npmjs.org/picocolors cache-miss
360 http fetch GET 200 https://registry.npmjs.org/scheduler 1875ms (cache miss)
361 silly packumentCache full:https://registry.npmjs.org/scheduler set size:undefined disposed:false
362 silly fetch manifest source-map-js@^1.2.1
363 silly packumentCache full:https://registry.npmjs.org/source-map-js cache-miss
364 http fetch GET 200 https://registry.npmjs.org/picocolors 1071ms (cache miss)
365 silly packumentCache full:https://registry.npmjs.org/picocolors set size:undefined disposed:false
366 silly fetch manifest arg@^5.0.2
367 silly packumentCache full:https://registry.npmjs.org/arg cache-miss
368 http fetch GET 200 https://registry.npmjs.org/arg 240ms (cache miss)
369 silly packumentCache full:https://registry.npmjs.org/arg set size:undefined disposed:false
370 silly fetch manifest dlv@^1.1.3
371 silly packumentCache full:https://registry.npmjs.org/dlv cache-miss
372 http fetch GET 200 https://registry.npmjs.org/source-map-js 359ms (cache miss)
373 silly packumentCache full:https://registry.npmjs.org/source-map-js set size:undefined disposed:false
374 silly fetch manifest jiti@^1.21.6
375 silly packumentCache full:https://registry.npmjs.org/jiti cache-miss
376 http fetch GET 200 https://registry.npmjs.org/dlv 250ms (cache miss)
377 silly packumentCache full:https://registry.npmjs.org/dlv set size:undefined disposed:false
378 silly fetch manifest is-glob@^4.0.3
379 silly packumentCache full:https://registry.npmjs.org/is-glob cache-miss
380 http fetch GET 200 https://registry.npmjs.org/is-glob 29ms (cache hit)
381 silly packumentCache full:https://registry.npmjs.org/is-glob set size:40530 disposed:false
382 silly fetch manifest resolve@^1.22.8
383 silly packumentCache full:https://registry.npmjs.org/resolve cache-miss
384 http fetch GET 200 https://registry.npmjs.org/jiti 425ms (cache miss)
385 silly packumentCache full:https://registry.npmjs.org/jiti set size:undefined disposed:false
386 silly fetch manifest sucrase@^3.35.0
387 silly packumentCache full:https://registry.npmjs.org/sucrase cache-miss
388 http fetch GET 200 https://registry.npmjs.org/resolve 438ms (cache miss)
389 silly packumentCache full:https://registry.npmjs.org/resolve set size:undefined disposed:false
390 silly fetch manifest chokidar@^3.6.0
391 silly packumentCache full:https://registry.npmjs.org/chokidar cache-miss
392 http fetch GET 200 https://registry.npmjs.org/sucrase 303ms (cache miss)
393 silly packumentCache full:https://registry.npmjs.org/sucrase set size:undefined disposed:false
394 silly fetch manifest fast-glob@^3.3.2
395 silly packumentCache full:https://registry.npmjs.org/fast-glob cache-miss
396 http fetch GET 200 https://registry.npmjs.org/chokidar 296ms (cache miss)
397 silly packumentCache full:https://registry.npmjs.org/chokidar set size:undefined disposed:false
398 silly fetch manifest lilconfig@^3.1.3
399 silly packumentCache full:https://registry.npmjs.org/lilconfig cache-miss
400 http fetch GET 200 https://registry.npmjs.org/fast-glob 305ms (cache miss)
401 silly packumentCache full:https://registry.npmjs.org/fast-glob set size:undefined disposed:false
402 silly fetch manifest didyoumean@^1.2.2
403 silly packumentCache full:https://registry.npmjs.org/didyoumean cache-miss
404 http fetch GET 200 https://registry.npmjs.org/lilconfig 239ms (cache miss)
405 silly packumentCache full:https://registry.npmjs.org/lilconfig set size:undefined disposed:false
406 silly fetch manifest micromatch@^4.0.8
407 silly packumentCache full:https://registry.npmjs.org/micromatch cache-miss
408 http fetch GET 200 https://registry.npmjs.org/didyoumean 202ms (cache miss)
409 silly packumentCache full:https://registry.npmjs.org/didyoumean set size:undefined disposed:false
410 silly fetch manifest postcss-js@^4.0.1
411 silly packumentCache full:https://registry.npmjs.org/postcss-js cache-miss
412 http fetch GET 200 https://registry.npmjs.org/micromatch 237ms (cache miss)
413 silly packumentCache full:https://registry.npmjs.org/micromatch set size:undefined disposed:false
414 silly fetch manifest object-hash@^3.0.0
415 silly packumentCache full:https://registry.npmjs.org/object-hash cache-miss
416 http fetch GET 200 https://registry.npmjs.org/postcss-js 233ms (cache miss)
417 silly packumentCache full:https://registry.npmjs.org/postcss-js set size:undefined disposed:false
418 silly fetch manifest normalize-path@^3.0.0
419 silly packumentCache full:https://registry.npmjs.org/normalize-path cache-miss
420 http fetch GET 200 https://registry.npmjs.org/object-hash 259ms (cache miss)
421 silly packumentCache full:https://registry.npmjs.org/object-hash set size:undefined disposed:false
422 silly fetch manifest postcss-import@^15.1.0
423 silly packumentCache full:https://registry.npmjs.org/postcss-import cache-miss
424 http fetch GET 200 https://registry.npmjs.org/normalize-path 199ms (cache miss)
425 silly packumentCache full:https://registry.npmjs.org/normalize-path set size:undefined disposed:false
426 silly fetch manifest postcss-nested@^6.2.0
427 silly packumentCache full:https://registry.npmjs.org/postcss-nested cache-miss
428 http fetch GET 200 https://registry.npmjs.org/postcss-import 239ms (cache miss)
429 silly packumentCache full:https://registry.npmjs.org/postcss-import set size:undefined disposed:false
430 silly fetch manifest @alloc/quick-lru@^5.2.0
431 silly packumentCache full:https://registry.npmjs.org/@alloc%2fquick-lru cache-miss
432 http fetch GET 200 https://registry.npmjs.org/postcss-nested 251ms (cache miss)
433 silly packumentCache full:https://registry.npmjs.org/postcss-nested set size:undefined disposed:false
434 silly fetch manifest postcss-load-config@^4.0.2
435 silly packumentCache full:https://registry.npmjs.org/postcss-load-config cache-miss
436 http fetch GET 200 https://registry.npmjs.org/@alloc%2fquick-lru 276ms (cache miss)
437 silly packumentCache full:https://registry.npmjs.org/@alloc%2fquick-lru set size:undefined disposed:false
438 silly fetch manifest postcss-selector-parser@^6.1.2
439 silly packumentCache full:https://registry.npmjs.org/postcss-selector-parser cache-miss
440 http fetch GET 200 https://registry.npmjs.org/postcss-load-config 267ms (cache miss)
441 silly packumentCache full:https://registry.npmjs.org/postcss-load-config set size:undefined disposed:false
442 http fetch GET 200 https://registry.npmjs.org/postcss-selector-parser 266ms (cache miss)
443 silly packumentCache full:https://registry.npmjs.org/postcss-selector-parser set size:undefined disposed:false
444 http fetch GET 200 https://registry.npmjs.org/@next%2fswc-darwin-arm64 39510ms (cache miss)
445 silly packumentCache full:https://registry.npmjs.org/@next%2fswc-darwin-arm64 set size:undefined disposed:false
446 silly placeDep ROOT undici-types@6.19.8 OK for: @types/node@20.17.9 want: ~6.19.2
447 silly placeDep ROOT @types/prop-types@15.7.13 OK for: @types/react@18.3.13 want: *
448 silly placeDep ROOT csstype@3.1.3 OK for: @types/react@18.3.13 want: ^3.0.2
449 silly fetch manifest eslint@^6.0.0 || ^7.0.0 || >=8.0.0
450 silly packumentCache full:https://registry.npmjs.org/eslint cache-miss
451 http fetch GET 200 https://registry.npmjs.org/eslint 97ms (cache hit)
452 silly packumentCache full:https://registry.npmjs.org/eslint set size:1686803 disposed:false
453 silly fetch manifest jiti@*
454 silly packumentCache full:https://registry.npmjs.org/jiti cache-miss
455 http fetch GET 200 https://registry.npmjs.org/jiti 103ms (cache hit)
456 silly packumentCache full:https://registry.npmjs.org/jiti set size:355863 disposed:false
457 silly placeDep ROOT @eslint-community/eslint-utils@4.4.1 OK for: eslint@8.57.1 want: ^4.2.0
458 silly placeDep ROOT @eslint-community/regexpp@4.12.1 OK for: eslint@8.57.1 want: ^4.6.1
459 silly placeDep ROOT @eslint/eslintrc@2.1.4 OK for: eslint@8.57.1 want: ^2.1.4
460 silly placeDep ROOT @eslint/js@8.57.1 OK for: eslint@8.57.1 want: 8.57.1
461 silly placeDep ROOT @humanwhocodes/config-array@0.13.0 OK for: eslint@8.57.1 want: ^0.13.0
462 silly placeDep ROOT @humanwhocodes/module-importer@1.0.1 OK for: eslint@8.57.1 want: ^1.0.1
463 silly placeDep ROOT @nodelib/fs.walk@1.2.8 OK for: eslint@8.57.1 want: ^1.2.8
464 silly placeDep ROOT @ungap/structured-clone@1.2.0 OK for: eslint@8.57.1 want: ^1.2.0
465 silly placeDep ROOT ajv@6.12.6 OK for: eslint@8.57.1 want: ^6.12.4
466 silly placeDep ROOT chalk@4.1.2 OK for: eslint@8.57.1 want: ^4.0.0
467 silly placeDep ROOT cross-spawn@7.0.6 OK for: eslint@8.57.1 want: ^7.0.2
468 silly placeDep ROOT debug@4.3.7 OK for: eslint@8.57.1 want: ^4.3.2
469 silly placeDep ROOT doctrine@3.0.0 OK for: eslint@8.57.1 want: ^3.0.0
470 silly placeDep ROOT escape-string-regexp@4.0.0 OK for: eslint@8.57.1 want: ^4.0.0
471 silly placeDep ROOT eslint-scope@7.2.2 OK for: eslint@8.57.1 want: ^7.2.2
472 silly placeDep ROOT eslint-visitor-keys@3.4.3 OK for: eslint@8.57.1 want: ^3.4.3
473 silly placeDep ROOT espree@9.6.1 OK for: eslint@8.57.1 want: ^9.6.1
474 silly placeDep ROOT esquery@1.6.0 OK for: eslint@8.57.1 want: ^1.4.2
475 silly placeDep ROOT esutils@2.0.3 OK for: eslint@8.57.1 want: ^2.0.2
476 silly placeDep ROOT fast-deep-equal@3.1.3 OK for: eslint@8.57.1 want: ^3.1.3
477 silly placeDep ROOT file-entry-cache@6.0.1 OK for: eslint@8.57.1 want: ^6.0.1
478 silly placeDep ROOT find-up@5.0.0 OK for: eslint@8.57.1 want: ^5.0.0
479 silly placeDep ROOT glob-parent@6.0.2 OK for: eslint@8.57.1 want: ^6.0.2
480 silly placeDep ROOT globals@13.24.0 OK for: eslint@8.57.1 want: ^13.19.0
481 silly placeDep ROOT graphemer@1.4.0 OK for: eslint@8.57.1 want: ^1.4.0
482 silly placeDep ROOT ignore@5.3.2 OK for: eslint@8.57.1 want: ^5.2.0
483 silly placeDep ROOT imurmurhash@0.1.4 OK for: eslint@8.57.1 want: ^0.1.4
484 silly placeDep ROOT is-glob@4.0.3 OK for: eslint@8.57.1 want: ^4.0.0
485 silly placeDep ROOT is-path-inside@3.0.3 OK for: eslint@8.57.1 want: ^3.0.3
486 silly placeDep ROOT js-yaml@4.1.0 OK for: eslint@8.57.1 want: ^4.1.0
487 silly placeDep ROOT json-stable-stringify-without-jsonify@1.0.1 OK for: eslint@8.57.1 want: ^1.0.1
488 silly placeDep ROOT levn@0.4.1 OK for: eslint@8.57.1 want: ^0.4.1
489 silly placeDep ROOT lodash.merge@4.6.2 OK for: eslint@8.57.1 want: ^4.6.2
490 silly placeDep ROOT minimatch@3.1.2 OK for: eslint@8.57.1 want: ^3.1.2
491 silly placeDep ROOT natural-compare@1.4.0 OK for: eslint@8.57.1 want: ^1.4.0
492 silly placeDep ROOT optionator@0.9.4 OK for: eslint@8.57.1 want: ^0.9.3
493 silly placeDep ROOT strip-ansi@6.0.1 OK for: eslint@8.57.1 want: ^6.0.1
494 silly placeDep ROOT text-table@0.2.0 OK for: eslint@8.57.1 want: ^0.2.0
495 silly fetch manifest espree@^9.6.0
496 silly packumentCache full:https://registry.npmjs.org/espree cache-miss
497 silly fetch manifest import-fresh@^3.2.1
498 silly packumentCache full:https://registry.npmjs.org/import-fresh cache-miss
499 silly fetch manifest strip-json-comments@^3.1.1
500 silly packumentCache full:https://registry.npmjs.org/strip-json-comments cache-miss
501 http fetch GET 200 https://registry.npmjs.org/espree 40ms (cache hit)
502 silly packumentCache full:https://registry.npmjs.org/espree set size:311486 disposed:false
503 silly fetch manifest debug@^4.3.1
504 silly packumentCache full:https://registry.npmjs.org/debug cache-miss
505 http fetch GET 200 https://registry.npmjs.org/debug 15ms (cache hit)
506 silly packumentCache full:https://registry.npmjs.org/debug set size:188929 disposed:false
507 silly fetch manifest minimatch@^3.0.5
508 silly packumentCache full:https://registry.npmjs.org/minimatch cache-miss
509 http fetch GET 200 https://registry.npmjs.org/minimatch 15ms (cache hit)
510 silly packumentCache full:https://registry.npmjs.org/minimatch set size:398328 disposed:false
511 silly fetch manifest @humanwhocodes/object-schema@^2.0.3
512 silly packumentCache full:https://registry.npmjs.org/@humanwhocodes%2fobject-schema cache-miss
513 http fetch GET 200 https://registry.npmjs.org/import-fresh 1228ms (cache miss)
514 silly packumentCache full:https://registry.npmjs.org/import-fresh set size:undefined disposed:false
515 silly fetch manifest fastq@^1.6.0
516 silly packumentCache full:https://registry.npmjs.org/fastq cache-miss
517 http fetch GET 200 https://registry.npmjs.org/strip-json-comments 1277ms (cache miss)
518 silly packumentCache full:https://registry.npmjs.org/strip-json-comments set size:undefined disposed:false
519 silly fetch manifest @nodelib/fs.scandir@2.1.5
520 silly packumentCache full:https://registry.npmjs.org/@nodelib%2ffs.scandir cache-miss
521 http fetch GET 200 https://registry.npmjs.org/@humanwhocodes%2fobject-schema 1267ms (cache miss)
522 silly packumentCache full:https://registry.npmjs.org/@humanwhocodes%2fobject-schema set size:undefined disposed:false
523 silly fetch manifest uri-js@^4.2.2
524 silly packumentCache full:https://registry.npmjs.org/uri-js cache-miss
525 http fetch GET 200 https://registry.npmjs.org/fastq 268ms (cache miss)
526 silly packumentCache full:https://registry.npmjs.org/fastq set size:undefined disposed:false
527 silly fetch manifest fast-deep-equal@^3.1.1
528 silly packumentCache full:https://registry.npmjs.org/fast-deep-equal cache-miss
529 http fetch GET 200 https://registry.npmjs.org/fast-deep-equal 23ms (cache hit)
530 silly packumentCache full:https://registry.npmjs.org/fast-deep-equal set size:48634 disposed:false
531 silly fetch manifest json-schema-traverse@^0.4.1
532 silly packumentCache full:https://registry.npmjs.org/json-schema-traverse cache-miss
533 http fetch GET 200 https://registry.npmjs.org/@nodelib%2ffs.scandir 334ms (cache miss)
534 silly packumentCache full:https://registry.npmjs.org/@nodelib%2ffs.scandir set size:undefined disposed:false
535 silly fetch manifest fast-json-stable-stringify@^2.0.0
536 silly packumentCache full:https://registry.npmjs.org/fast-json-stable-stringify cache-miss
537 http fetch GET 200 https://registry.npmjs.org/uri-js 332ms (cache miss)
538 silly packumentCache full:https://registry.npmjs.org/uri-js set size:undefined disposed:false
539 silly fetch manifest ansi-styles@^4.1.0
540 silly packumentCache full:https://registry.npmjs.org/ansi-styles cache-miss
541 http fetch GET 200 https://registry.npmjs.org/json-schema-traverse 198ms (cache miss)
542 silly packumentCache full:https://registry.npmjs.org/json-schema-traverse set size:undefined disposed:false
543 silly fetch manifest supports-color@^7.1.0
544 silly packumentCache full:https://registry.npmjs.org/supports-color cache-miss
545 http fetch GET 200 https://registry.npmjs.org/fast-json-stable-stringify 232ms (cache miss)
546 silly packumentCache full:https://registry.npmjs.org/fast-json-stable-stringify set size:undefined disposed:false
547 silly fetch manifest which@^2.0.1
548 silly packumentCache full:https://registry.npmjs.org/which cache-miss
549 http fetch GET 200 https://registry.npmjs.org/supports-color 249ms (cache miss)
550 silly packumentCache full:https://registry.npmjs.org/supports-color set size:undefined disposed:false
551 silly fetch manifest path-key@^3.1.0
552 silly packumentCache full:https://registry.npmjs.org/path-key cache-miss
553 http fetch GET 200 https://registry.npmjs.org/which 215ms (cache miss)
554 silly packumentCache full:https://registry.npmjs.org/which set size:undefined disposed:false
555 silly fetch manifest shebang-command@^2.0.0
556 silly packumentCache full:https://registry.npmjs.org/shebang-command cache-miss
557 http fetch GET 200 https://registry.npmjs.org/ansi-styles 430ms (cache miss)
558 silly packumentCache full:https://registry.npmjs.org/ansi-styles set size:undefined disposed:false
559 silly fetch manifest ms@^2.1.3
560 silly packumentCache full:https://registry.npmjs.org/ms cache-miss
561 http fetch GET 200 https://registry.npmjs.org/path-key 224ms (cache miss)
562 silly packumentCache full:https://registry.npmjs.org/path-key set size:undefined disposed:false
563 silly fetch manifest esrecurse@^4.3.0
564 silly packumentCache full:https://registry.npmjs.org/esrecurse cache-miss
565 http fetch GET 200 https://registry.npmjs.org/shebang-command 201ms (cache miss)
566 silly packumentCache full:https://registry.npmjs.org/shebang-command set size:undefined disposed:false
567 silly fetch manifest estraverse@^5.2.0
568 silly packumentCache full:https://registry.npmjs.org/estraverse cache-miss
569 http fetch GET 200 https://registry.npmjs.org/esrecurse 481ms (cache miss)
570 silly packumentCache full:https://registry.npmjs.org/esrecurse set size:undefined disposed:false
571 silly fetch manifest acorn@^8.9.0
572 silly packumentCache full:https://registry.npmjs.org/acorn cache-miss
573 http fetch GET 200 https://registry.npmjs.org/estraverse 3796ms (cache miss)
574 silly packumentCache full:https://registry.npmjs.org/estraverse set size:undefined disposed:false
575 silly fetch manifest acorn-jsx@^5.3.2
576 silly packumentCache full:https://registry.npmjs.org/acorn-jsx cache-miss
577 http fetch GET 200 https://registry.npmjs.org/ms 4178ms (cache miss)
578 silly packumentCache full:https://registry.npmjs.org/ms set size:undefined disposed:false
579 silly fetch manifest estraverse@^5.1.0
580 silly packumentCache full:https://registry.npmjs.org/estraverse cache-miss
581 http fetch GET 200 https://registry.npmjs.org/estraverse 74ms (cache hit)
582 silly packumentCache full:https://registry.npmjs.org/estraverse set size:62412 disposed:false
583 silly fetch manifest flat-cache@^3.0.4
584 silly packumentCache full:https://registry.npmjs.org/flat-cache cache-miss
585 http fetch GET 200 https://registry.npmjs.org/acorn 10048ms (cache miss)
586 silly packumentCache full:https://registry.npmjs.org/acorn set size:undefined disposed:false
587 silly fetch manifest locate-path@^6.0.0
588 silly packumentCache full:https://registry.npmjs.org/locate-path cache-miss
589 http fetch GET 200 https://registry.npmjs.org/acorn-jsx 6897ms (cache miss)
590 silly packumentCache full:https://registry.npmjs.org/acorn-jsx set size:undefined disposed:false
591 silly fetch manifest path-exists@^4.0.0
592 silly packumentCache full:https://registry.npmjs.org/path-exists cache-miss
593 http fetch GET 200 https://registry.npmjs.org/flat-cache 6639ms (cache miss)
594 silly packumentCache full:https://registry.npmjs.org/flat-cache set size:undefined disposed:false
595 silly fetch manifest type-fest@^0.20.2
596 silly packumentCache full:https://registry.npmjs.org/type-fest cache-miss
597 http fetch GET 200 https://registry.npmjs.org/path-exists 316ms (cache miss)
598 silly packumentCache full:https://registry.npmjs.org/path-exists set size:undefined disposed:false
599 silly fetch manifest is-extglob@^2.1.1
600 silly packumentCache full:https://registry.npmjs.org/is-extglob cache-miss
601 http fetch GET 200 https://registry.npmjs.org/locate-path 550ms (cache miss)
602 silly packumentCache full:https://registry.npmjs.org/locate-path set size:undefined disposed:false
603 silly fetch manifest argparse@^2.0.1
604 silly packumentCache full:https://registry.npmjs.org/argparse cache-miss
605 http fetch GET 200 https://registry.npmjs.org/is-extglob 326ms (cache miss)
606 silly packumentCache full:https://registry.npmjs.org/is-extglob set size:undefined disposed:false
607 silly fetch manifest prelude-ls@^1.2.1
608 silly packumentCache full:https://registry.npmjs.org/prelude-ls cache-miss
609 http fetch GET 200 https://registry.npmjs.org/argparse 353ms (cache miss)
610 silly packumentCache full:https://registry.npmjs.org/argparse set size:undefined disposed:false
611 silly fetch manifest type-check@~0.4.0
612 silly packumentCache full:https://registry.npmjs.org/type-check cache-miss
613 http fetch GET 200 https://registry.npmjs.org/prelude-ls 601ms (cache miss)
614 silly packumentCache full:https://registry.npmjs.org/prelude-ls set size:undefined disposed:false
615 silly fetch manifest brace-expansion@^1.1.7
616 silly packumentCache full:https://registry.npmjs.org/brace-expansion cache-miss
617 http fetch GET 200 https://registry.npmjs.org/type-check 608ms (cache miss)
618 silly packumentCache full:https://registry.npmjs.org/type-check set size:undefined disposed:false
619 silly fetch manifest deep-is@^0.1.3
620 silly packumentCache full:https://registry.npmjs.org/deep-is cache-miss
621 http fetch GET 200 https://registry.npmjs.org/brace-expansion 221ms (cache miss)
622 silly packumentCache full:https://registry.npmjs.org/brace-expansion set size:undefined disposed:false
623 silly fetch manifest word-wrap@^1.2.5
624 silly packumentCache full:https://registry.npmjs.org/word-wrap cache-miss
625 http fetch GET 200 https://registry.npmjs.org/deep-is 269ms (cache miss)
626 silly packumentCache full:https://registry.npmjs.org/deep-is set size:undefined disposed:false
627 silly fetch manifest type-check@^0.4.0
628 silly packumentCache full:https://registry.npmjs.org/type-check cache-miss
629 http fetch GET 200 https://registry.npmjs.org/type-check 14ms (cache hit)
630 silly packumentCache full:https://registry.npmjs.org/type-check set size:21221 disposed:false
631 silly fetch manifest fast-levenshtein@^2.0.6
632 silly packumentCache full:https://registry.npmjs.org/fast-levenshtein cache-miss
633 http fetch GET 200 https://registry.npmjs.org/word-wrap 199ms (cache miss)
634 silly packumentCache full:https://registry.npmjs.org/word-wrap set size:undefined disposed:false
635 silly fetch manifest ansi-regex@^5.0.1
636 silly packumentCache full:https://registry.npmjs.org/ansi-regex cache-miss
637 http fetch GET 200 https://registry.npmjs.org/fast-levenshtein 317ms (cache miss)
638 silly packumentCache full:https://registry.npmjs.org/fast-levenshtein set size:undefined disposed:false
639 http fetch GET 200 https://registry.npmjs.org/ansi-regex 247ms (cache miss)
640 silly packumentCache full:https://registry.npmjs.org/ansi-regex set size:undefined disposed:false
641 http fetch GET 200 https://registry.npmjs.org/type-fest 2180ms (cache miss)
642 silly packumentCache full:https://registry.npmjs.org/type-fest set size:undefined disposed:false
643 silly placeDep ROOT import-fresh@3.3.0 OK for: @eslint/eslintrc@2.1.4 want: ^3.2.1
644 silly placeDep ROOT strip-json-comments@3.1.1 OK for: @eslint/eslintrc@2.1.4 want: ^3.1.1
645 silly fetch manifest parent-module@^1.0.0
646 silly packumentCache full:https://registry.npmjs.org/parent-module cache-miss
647 silly fetch manifest resolve-from@^4.0.0
648 silly packumentCache full:https://registry.npmjs.org/resolve-from cache-miss
649 http fetch GET 200 https://registry.npmjs.org/parent-module 370ms (cache miss)
650 silly packumentCache full:https://registry.npmjs.org/parent-module set size:undefined disposed:false
651 http fetch GET 200 https://registry.npmjs.org/resolve-from 372ms (cache miss)
652 silly packumentCache full:https://registry.npmjs.org/resolve-from set size:undefined disposed:false
653 silly placeDep ROOT @humanwhocodes/object-schema@2.0.3 OK for: @humanwhocodes/config-array@0.13.0 want: ^2.0.3
654 silly placeDep ROOT @nodelib/fs.scandir@2.1.5 OK for: @nodelib/fs.walk@1.2.8 want: 2.1.5
655 silly placeDep ROOT fastq@1.17.1 OK for: @nodelib/fs.walk@1.2.8 want: ^1.6.0
656 silly fetch manifest run-parallel@^1.1.9
657 silly packumentCache full:https://registry.npmjs.org/run-parallel cache-miss
658 silly fetch manifest @nodelib/fs.stat@2.0.5
659 silly packumentCache full:https://registry.npmjs.org/@nodelib%2ffs.stat cache-miss
660 silly fetch manifest reusify@^1.0.4
661 silly packumentCache full:https://registry.npmjs.org/reusify cache-miss
662 http fetch GET 200 https://registry.npmjs.org/reusify 250ms (cache miss)
663 silly packumentCache full:https://registry.npmjs.org/reusify set size:undefined disposed:false
664 http fetch GET 200 https://registry.npmjs.org/@nodelib%2ffs.stat 357ms (cache miss)
665 silly packumentCache full:https://registry.npmjs.org/@nodelib%2ffs.stat set size:undefined disposed:false
666 http fetch GET 200 https://registry.npmjs.org/run-parallel 1991ms (cache miss)
667 silly packumentCache full:https://registry.npmjs.org/run-parallel set size:undefined disposed:false
668 silly placeDep ROOT @nodelib/fs.stat@2.0.5 OK for: @nodelib/fs.scandir@2.1.5 want: 2.0.5
669 silly placeDep ROOT run-parallel@1.2.0 OK for: @nodelib/fs.scandir@2.1.5 want: ^1.1.9
670 silly fetch manifest queue-microtask@^1.2.2
671 silly packumentCache full:https://registry.npmjs.org/queue-microtask cache-miss
672 http fetch GET 200 https://registry.npmjs.org/queue-microtask 279ms (cache miss)
673 silly packumentCache full:https://registry.npmjs.org/queue-microtask set size:undefined disposed:false
674 silly placeDep ROOT fast-json-stable-stringify@2.1.0 OK for: ajv@6.12.6 want: ^2.0.0
675 silly placeDep ROOT json-schema-traverse@0.4.1 OK for: ajv@6.12.6 want: ^0.4.1
676 silly placeDep ROOT uri-js@4.4.1 OK for: ajv@6.12.6 want: ^4.2.2
677 silly fetch manifest punycode@^2.1.0
678 silly packumentCache full:https://registry.npmjs.org/punycode cache-miss
679 http fetch GET 200 https://registry.npmjs.org/punycode 374ms (cache miss)
680 silly packumentCache full:https://registry.npmjs.org/punycode set size:undefined disposed:false
681 silly placeDep ROOT ansi-styles@4.3.0 OK for: chalk@4.1.2 want: ^4.1.0
682 silly placeDep ROOT supports-color@7.2.0 OK for: chalk@4.1.2 want: ^7.1.0
683 silly fetch manifest color-convert@^2.0.1
684 silly packumentCache full:https://registry.npmjs.org/color-convert cache-miss
685 silly fetch manifest has-flag@^4.0.0
686 silly packumentCache full:https://registry.npmjs.org/has-flag cache-miss
687 http fetch GET 200 https://registry.npmjs.org/has-flag 252ms (cache miss)
688 silly packumentCache full:https://registry.npmjs.org/has-flag set size:undefined disposed:false
689 http fetch GET 200 https://registry.npmjs.org/color-convert 419ms (cache miss)
690 silly packumentCache full:https://registry.npmjs.org/color-convert set size:undefined disposed:false
691 silly placeDep ROOT color-convert@2.0.1 OK for: ansi-styles@4.3.0 want: ^2.0.1
692 silly fetch manifest color-name@~1.1.4
693 silly packumentCache full:https://registry.npmjs.org/color-name cache-miss
694 http fetch GET 200 https://registry.npmjs.org/color-name 251ms (cache miss)
695 silly packumentCache full:https://registry.npmjs.org/color-name set size:undefined disposed:false
696 silly placeDep ROOT color-name@1.1.4 OK for: color-convert@2.0.1 want: ~1.1.4
697 silly placeDep ROOT path-key@3.1.1 OK for: cross-spawn@7.0.6 want: ^3.1.0
698 silly placeDep ROOT shebang-command@2.0.0 OK for: cross-spawn@7.0.6 want: ^2.0.0
699 silly placeDep ROOT which@2.0.2 OK for: cross-spawn@7.0.6 want: ^2.0.1
700 silly fetch manifest shebang-regex@^3.0.0
701 silly packumentCache full:https://registry.npmjs.org/shebang-regex cache-miss
702 silly fetch manifest isexe@^2.0.0
703 silly packumentCache full:https://registry.npmjs.org/isexe cache-miss
704 http fetch GET 200 https://registry.npmjs.org/shebang-regex 207ms (cache miss)
705 silly packumentCache full:https://registry.npmjs.org/shebang-regex set size:undefined disposed:false
706 http fetch GET 200 https://registry.npmjs.org/isexe 243ms (cache miss)
707 silly packumentCache full:https://registry.npmjs.org/isexe set size:undefined disposed:false
708 silly placeDep ROOT ms@2.1.3 OK for: debug@4.3.7 want: ^2.1.3
709 silly fetch manifest eslint@^7.23.0 || ^8.0.0 || ^9.0.0
710 silly packumentCache full:https://registry.npmjs.org/eslint cache-miss
711 http fetch GET 200 https://registry.npmjs.org/eslint 66ms (cache hit)
712 silly packumentCache full:https://registry.npmjs.org/eslint set size:1686803 disposed:false
713 silly fetch manifest eslint-plugin-import-x@*
714 silly packumentCache full:https://registry.npmjs.org/eslint-plugin-import-x cache-miss
715 http fetch GET 200 https://registry.npmjs.org/eslint-plugin-import-x 226ms (cache miss)
716 silly packumentCache full:https://registry.npmjs.org/eslint-plugin-import-x set size:undefined disposed:false
717 silly placeDep ROOT @next/eslint-plugin-next@15.0.3 OK for: eslint-config-next@15.0.3 want: 15.0.3
718 silly placeDep ROOT @rushstack/eslint-patch@1.10.4 OK for: eslint-config-next@15.0.3 want: ^1.10.3
719 silly placeDep ROOT @typescript-eslint/eslint-plugin@8.17.0 OK for: eslint-config-next@15.0.3 want: ^5.4.2 || ^6.0.0 || ^7.0.0 || ^8.0.0
720 silly placeDep ROOT @typescript-eslint/parser@8.17.0 OK for: @typescript-eslint/eslint-plugin@8.17.0 want: ^8.0.0 || ^8.0.0-alpha.0
721 silly placeDep ROOT eslint-import-resolver-node@0.3.9 OK for: eslint-config-next@15.0.3 want: ^0.3.6
722 silly placeDep ROOT eslint-import-resolver-typescript@3.7.0 OK for: eslint-config-next@15.0.3 want: ^3.5.2
723 silly placeDep ROOT eslint-plugin-import@2.31.0 OK for: eslint-config-next@15.0.3 want: ^2.31.0
724 silly placeDep ROOT eslint-plugin-jsx-a11y@6.10.2 OK for: eslint-config-next@15.0.3 want: ^6.10.0
725 silly placeDep ROOT eslint-plugin-react@7.37.2 OK for: eslint-config-next@15.0.3 want: ^7.35.0
726 silly placeDep ROOT eslint-plugin-react-hooks@5.0.0 OK for: eslint-config-next@15.0.3 want: ^5.0.0
727 silly fetch manifest fast-glob@3.3.1
728 silly packumentCache full:https://registry.npmjs.org/fast-glob cache-miss
729 silly fetch manifest ts-api-utils@^1.3.0
730 silly packumentCache full:https://registry.npmjs.org/ts-api-utils cache-miss
731 silly fetch manifest @typescript-eslint/utils@8.17.0
732 silly packumentCache full:https://registry.npmjs.org/@typescript-eslint%2futils cache-miss
733 http fetch GET 200 https://registry.npmjs.org/fast-glob 75ms (cache hit)
734 silly packumentCache full:https://registry.npmjs.org/fast-glob set size:314033 disposed:false
735 silly fetch manifest @typescript-eslint/type-utils@8.17.0
736 silly packumentCache full:https://registry.npmjs.org/@typescript-eslint%2ftype-utils cache-miss
737 http fetch GET 200 https://registry.npmjs.org/ts-api-utils 350ms (cache miss)
738 silly packumentCache full:https://registry.npmjs.org/ts-api-utils set size:undefined disposed:false
739 silly fetch manifest @typescript-eslint/visitor-keys@8.17.0
740 silly packumentCache full:https://registry.npmjs.org/@typescript-eslint%2fvisitor-keys cache-miss
741 http fetch GET 200 https://registry.npmjs.org/@typescript-eslint%2ftype-utils 4052ms (cache miss)
742 silly packumentCache full:https://registry.npmjs.org/@typescript-eslint%2ftype-utils set size:undefined disposed:false
743 silly fetch manifest @typescript-eslint/scope-manager@8.17.0
744 silly packumentCache full:https://registry.npmjs.org/@typescript-eslint%2fscope-manager cache-miss
745 http fetch GET 200 https://registry.npmjs.org/@typescript-eslint%2fvisitor-keys 6870ms (cache miss)
746 silly packumentCache full:https://registry.npmjs.org/@typescript-eslint%2fvisitor-keys set size:undefined disposed:false
747 silly fetch manifest @typescript-eslint/types@8.17.0
748 silly packumentCache full:https://registry.npmjs.org/@typescript-eslint%2ftypes cache-miss
749 http fetch GET 200 https://registry.npmjs.org/@typescript-eslint%2ftypes 10875ms (cache miss)
750 silly packumentCache full:https://registry.npmjs.org/@typescript-eslint%2ftypes set size:undefined disposed:false
751 silly fetch manifest @typescript-eslint/scope-manager@8.17.0
752 silly packumentCache full:https://registry.npmjs.org/@typescript-eslint%2fscope-manager cache-miss
753 http fetch GET 200 https://registry.npmjs.org/@typescript-eslint%2fscope-manager 15455ms (cache miss)
754 silly packumentCache full:https://registry.npmjs.org/@typescript-eslint%2fscope-manager set size:undefined disposed:false
755 silly fetch manifest @typescript-eslint/typescript-estree@8.17.0
756 silly packumentCache full:https://registry.npmjs.org/@typescript-eslint%2ftypescript-estree cache-miss
757 http fetch GET 200 https://registry.npmjs.org/@typescript-eslint%2fscope-manager 9701ms (cache miss)
758 silly packumentCache full:https://registry.npmjs.org/@typescript-eslint%2fscope-manager set size:undefined disposed:false
759 silly fetch manifest debug@^3.2.7
760 silly packumentCache full:https://registry.npmjs.org/debug cache-hit
761 silly fetch manifest is-core-module@^2.13.0
762 silly packumentCache full:https://registry.npmjs.org/is-core-module cache-miss
763 http fetch GET 200 https://registry.npmjs.org/is-core-module 6340ms (cache miss)
764 silly packumentCache full:https://registry.npmjs.org/is-core-module set size:undefined disposed:false
765 silly fetch manifest resolve@^1.22.4
766 silly packumentCache full:https://registry.npmjs.org/resolve cache-miss
767 http fetch GET 200 https://registry.npmjs.org/resolve 64ms (cache hit)
768 silly packumentCache full:https://registry.npmjs.org/resolve set size:288408 disposed:false
769 silly fetch manifest @nolyfill/is-core-module@1.0.39
770 silly packumentCache full:https://registry.npmjs.org/@nolyfill%2fis-core-module cache-miss
771 http fetch GET 200 https://registry.npmjs.org/@nolyfill%2fis-core-module 289ms (cache miss)
772 silly packumentCache full:https://registry.npmjs.org/@nolyfill%2fis-core-module set size:undefined disposed:false
773 silly fetch manifest enhanced-resolve@^5.15.0
774 silly packumentCache full:https://registry.npmjs.org/enhanced-resolve cache-miss
775 http fetch GET 200 https://registry.npmjs.org/enhanced-resolve 422ms (cache miss)
776 silly packumentCache full:https://registry.npmjs.org/enhanced-resolve set size:undefined disposed:false
777 silly fetch manifest get-tsconfig@^4.7.5
778 silly packumentCache full:https://registry.npmjs.org/get-tsconfig cache-miss
779 http fetch GET 200 https://registry.npmjs.org/get-tsconfig 523ms (cache miss)
780 silly packumentCache full:https://registry.npmjs.org/get-tsconfig set size:undefined disposed:false
781 silly fetch manifest is-bun-module@^1.0.2
782 silly packumentCache full:https://registry.npmjs.org/is-bun-module cache-miss
783 http fetch GET 200 https://registry.npmjs.org/is-bun-module 1604ms (cache miss)
784 silly packumentCache full:https://registry.npmjs.org/is-bun-module set size:undefined disposed:false
785 silly fetch manifest stable-hash@^0.0.4
786 silly packumentCache full:https://registry.npmjs.org/stable-hash cache-miss
787 http fetch GET 200 https://registry.npmjs.org/@typescript-eslint%2ftypescript-estree 18929ms (cache miss)
788 silly packumentCache full:https://registry.npmjs.org/@typescript-eslint%2ftypescript-estree set size:undefined disposed:false
789 silly fetch manifest @rtsao/scc@^1.1.0
790 silly packumentCache full:https://registry.npmjs.org/@rtsao%2fscc cache-miss
791 http fetch GET 200 https://registry.npmjs.org/stable-hash 1316ms (cache miss)
792 silly packumentCache full:https://registry.npmjs.org/stable-hash set size:undefined disposed:false
793 silly fetch manifest array-includes@^3.1.8
794 silly packumentCache full:https://registry.npmjs.org/array-includes cache-miss
795 http fetch GET 200 https://registry.npmjs.org/@rtsao%2fscc 486ms (cache miss)
796 silly packumentCache full:https://registry.npmjs.org/@rtsao%2fscc set size:undefined disposed:false
797 silly fetch manifest array.prototype.findlastindex@^1.2.5
798 silly packumentCache full:https://registry.npmjs.org/array.prototype.findlastindex cache-miss
799 http fetch GET 200 https://registry.npmjs.org/array-includes 478ms (cache miss)
800 silly packumentCache full:https://registry.npmjs.org/array-includes set size:undefined disposed:false
801 silly fetch manifest array.prototype.flat@^1.3.2
802 silly packumentCache full:https://registry.npmjs.org/array.prototype.flat cache-miss
803 http fetch GET 200 https://registry.npmjs.org/array.prototype.findlastindex 735ms (cache miss)
804 silly packumentCache full:https://registry.npmjs.org/array.prototype.findlastindex set size:undefined disposed:false
805 silly fetch manifest array.prototype.flatmap@^1.3.2
806 silly packumentCache full:https://registry.npmjs.org/array.prototype.flatmap cache-miss
807 http fetch GET 200 https://registry.npmjs.org/array.prototype.flat 931ms (cache miss)
808 silly packumentCache full:https://registry.npmjs.org/array.prototype.flat set size:undefined disposed:false
809 silly fetch manifest doctrine@^2.1.0
810 silly packumentCache full:https://registry.npmjs.org/doctrine cache-miss
811 http fetch GET 200 https://registry.npmjs.org/doctrine 17ms (cache hit)
812 silly packumentCache full:https://registry.npmjs.org/doctrine set size:64052 disposed:false
813 silly fetch manifest eslint-module-utils@^2.12.0
814 silly packumentCache full:https://registry.npmjs.org/eslint-module-utils cache-miss
815 http fetch GET 200 https://registry.npmjs.org/array.prototype.flatmap 555ms (cache miss)
816 silly packumentCache full:https://registry.npmjs.org/array.prototype.flatmap set size:undefined disposed:false
817 silly fetch manifest hasown@^2.0.2
818 silly packumentCache full:https://registry.npmjs.org/hasown cache-miss
819 http fetch GET 200 https://registry.npmjs.org/eslint-module-utils 492ms (cache miss)
820 silly packumentCache full:https://registry.npmjs.org/eslint-module-utils set size:undefined disposed:false
821 silly fetch manifest is-core-module@^2.15.1
822 silly packumentCache full:https://registry.npmjs.org/is-core-module cache-miss
823 http fetch GET 200 https://registry.npmjs.org/is-core-module 13ms (cache hit)
824 silly packumentCache full:https://registry.npmjs.org/is-core-module set size:66526 disposed:false
825 silly fetch manifest object.fromentries@^2.0.8
826 silly packumentCache full:https://registry.npmjs.org/object.fromentries cache-miss
827 http fetch GET 200 https://registry.npmjs.org/hasown 282ms (cache miss)
828 silly packumentCache full:https://registry.npmjs.org/hasown set size:undefined disposed:false
829 silly fetch manifest object.groupby@^1.0.3
830 silly packumentCache full:https://registry.npmjs.org/object.groupby cache-miss
831 http fetch GET 200 https://registry.npmjs.org/object.fromentries 331ms (cache miss)
832 silly packumentCache full:https://registry.npmjs.org/object.fromentries set size:undefined disposed:false
833 silly fetch manifest object.values@^1.2.0
834 silly packumentCache full:https://registry.npmjs.org/object.values cache-miss
835 http fetch GET 200 https://registry.npmjs.org/object.groupby 529ms (cache miss)
836 silly packumentCache full:https://registry.npmjs.org/object.groupby set size:undefined disposed:false
837 silly fetch manifest semver@^6.3.1
838 silly packumentCache full:https://registry.npmjs.org/semver cache-miss
839 http fetch GET 200 https://registry.npmjs.org/object.values 851ms (cache miss)
840 silly packumentCache full:https://registry.npmjs.org/object.values set size:undefined disposed:false
841 silly fetch manifest string.prototype.trimend@^1.0.8
842 silly packumentCache full:https://registry.npmjs.org/string.prototype.trimend cache-miss
843 http fetch GET 200 https://registry.npmjs.org/semver 1042ms (cache miss)
844 silly packumentCache full:https://registry.npmjs.org/semver set size:undefined disposed:false
845 silly fetch manifest tsconfig-paths@^3.15.0
846 silly packumentCache full:https://registry.npmjs.org/tsconfig-paths cache-miss
847 http fetch GET 200 https://registry.npmjs.org/string.prototype.trimend 1140ms (cache miss)
848 silly packumentCache full:https://registry.npmjs.org/string.prototype.trimend set size:undefined disposed:false
849 silly fetch manifest aria-query@^5.3.2
850 silly packumentCache full:https://registry.npmjs.org/aria-query cache-miss
851 http fetch GET 200 https://registry.npmjs.org/tsconfig-paths 768ms (cache miss)
852 silly packumentCache full:https://registry.npmjs.org/tsconfig-paths set size:undefined disposed:false
853 silly fetch manifest ast-types-flow@^0.0.8
854 silly packumentCache full:https://registry.npmjs.org/ast-types-flow cache-miss
855 http fetch GET 200 https://registry.npmjs.org/aria-query 694ms (cache miss)
856 silly packumentCache full:https://registry.npmjs.org/aria-query set size:undefined disposed:false
857 silly fetch manifest axe-core@^4.10.0
858 silly packumentCache full:https://registry.npmjs.org/axe-core cache-miss
859 http fetch GET 200 https://registry.npmjs.org/ast-types-flow 595ms (cache miss)
860 silly packumentCache full:https://registry.npmjs.org/ast-types-flow set size:undefined disposed:false
861 silly fetch manifest axobject-query@^4.1.0
862 silly packumentCache full:https://registry.npmjs.org/axobject-query cache-miss
863 http fetch GET 200 https://registry.npmjs.org/axobject-query 318ms (cache miss)
864 silly packumentCache full:https://registry.npmjs.org/axobject-query set size:undefined disposed:false
865 silly fetch manifest damerau-levenshtein@^1.0.8
866 silly packumentCache full:https://registry.npmjs.org/damerau-levenshtein cache-miss
867 http fetch GET 200 https://registry.npmjs.org/damerau-levenshtein 846ms (cache miss)
868 silly packumentCache full:https://registry.npmjs.org/damerau-levenshtein set size:undefined disposed:false
869 silly fetch manifest emoji-regex@^9.2.2
870 silly packumentCache full:https://registry.npmjs.org/emoji-regex cache-miss
871 http fetch GET 200 https://registry.npmjs.org/emoji-regex 415ms (cache miss)
872 silly packumentCache full:https://registry.npmjs.org/emoji-regex set size:undefined disposed:false
873 silly fetch manifest jsx-ast-utils@^3.3.5
874 silly packumentCache full:https://registry.npmjs.org/jsx-ast-utils cache-miss
875 http fetch GET 200 https://registry.npmjs.org/jsx-ast-utils 263ms (cache miss)
876 silly packumentCache full:https://registry.npmjs.org/jsx-ast-utils set size:undefined disposed:false
877 silly fetch manifest language-tags@^1.0.9
878 silly packumentCache full:https://registry.npmjs.org/language-tags cache-miss
879 http fetch GET 200 https://registry.npmjs.org/language-tags 372ms (cache miss)
880 silly packumentCache full:https://registry.npmjs.org/language-tags set size:undefined disposed:false
881 silly fetch manifest safe-regex-test@^1.0.3
882 silly packumentCache full:https://registry.npmjs.org/safe-regex-test cache-miss
883 http fetch GET 200 https://registry.npmjs.org/safe-regex-test 364ms (cache miss)
884 silly packumentCache full:https://registry.npmjs.org/safe-regex-test set size:undefined disposed:false
885 silly fetch manifest string.prototype.includes@^2.0.1
886 silly packumentCache full:https://registry.npmjs.org/string.prototype.includes cache-miss
887 http fetch GET 200 https://registry.npmjs.org/string.prototype.includes 439ms (cache miss)
888 silly packumentCache full:https://registry.npmjs.org/string.prototype.includes set size:undefined disposed:false
889 silly fetch manifest array.prototype.findlast@^1.2.5
890 silly packumentCache full:https://registry.npmjs.org/array.prototype.findlast cache-miss
891 http fetch GET 200 https://registry.npmjs.org/array.prototype.findlast 312ms (cache miss)
892 silly packumentCache full:https://registry.npmjs.org/array.prototype.findlast set size:undefined disposed:false
893 silly fetch manifest array.prototype.tosorted@^1.1.4
894 silly packumentCache full:https://registry.npmjs.org/array.prototype.tosorted cache-miss
895 http fetch GET 200 https://registry.npmjs.org/array.prototype.tosorted 1060ms (cache miss)
896 silly packumentCache full:https://registry.npmjs.org/array.prototype.tosorted set size:undefined disposed:false
897 silly fetch manifest es-iterator-helpers@^1.1.0
898 silly packumentCache full:https://registry.npmjs.org/es-iterator-helpers cache-miss
899 http fetch GET 200 https://registry.npmjs.org/es-iterator-helpers 1726ms (cache miss)
900 silly packumentCache full:https://registry.npmjs.org/es-iterator-helpers set size:undefined disposed:false
901 silly fetch manifest estraverse@^5.3.0
902 silly packumentCache full:https://registry.npmjs.org/estraverse cache-hit
903 silly fetch manifest jsx-ast-utils@^2.4.1 || ^3.0.0
904 silly packumentCache full:https://registry.npmjs.org/jsx-ast-utils cache-miss
905 http fetch GET 200 https://registry.npmjs.org/jsx-ast-utils 65ms (cache hit)
906 silly packumentCache full:https://registry.npmjs.org/jsx-ast-utils set size:115998 disposed:false
907 silly fetch manifest object.entries@^1.1.8
908 silly packumentCache full:https://registry.npmjs.org/object.entries cache-miss
909 http fetch GET 200 https://registry.npmjs.org/axe-core 6546ms (cache miss)
910 silly packumentCache full:https://registry.npmjs.org/axe-core set size:undefined disposed:false
911 silly fetch manifest prop-types@^15.8.1
912 silly packumentCache full:https://registry.npmjs.org/prop-types cache-miss
913 http fetch GET 200 https://registry.npmjs.org/object.entries 476ms (cache miss)
914 silly packumentCache full:https://registry.npmjs.org/object.entries set size:undefined disposed:false
915 silly fetch manifest resolve@^2.0.0-next.5
916 silly packumentCache full:https://registry.npmjs.org/resolve cache-hit
917 silly fetch manifest string.prototype.matchall@^4.0.11
918 silly packumentCache full:https://registry.npmjs.org/string.prototype.matchall cache-miss
919 http fetch GET 200 https://registry.npmjs.org/prop-types 438ms (cache miss)
920 silly packumentCache full:https://registry.npmjs.org/prop-types set size:undefined disposed:false
921 silly fetch manifest string.prototype.repeat@^1.0.0
922 silly packumentCache full:https://registry.npmjs.org/string.prototype.repeat cache-miss
923 http fetch GET 200 https://registry.npmjs.org/string.prototype.matchall 429ms (cache miss)
924 silly packumentCache full:https://registry.npmjs.org/string.prototype.matchall set size:undefined disposed:false
925 http fetch GET 200 https://registry.npmjs.org/string.prototype.repeat 356ms (cache miss)
926 silly packumentCache full:https://registry.npmjs.org/string.prototype.repeat set size:undefined disposed:false
927 http fetch GET 200 https://registry.npmjs.org/@typescript-eslint%2futils 57739ms (cache miss)
928 silly packumentCache full:https://registry.npmjs.org/@typescript-eslint%2futils set size:undefined disposed:false
929 silly placeDep ROOT fast-glob@3.3.1 OK for: @next/eslint-plugin-next@15.0.3 want: 3.3.1
930 silly fetch manifest glob-parent@^5.1.2
931 silly packumentCache full:https://registry.npmjs.org/glob-parent cache-miss
932 silly fetch manifest merge2@^1.3.0
933 silly packumentCache full:https://registry.npmjs.org/merge2 cache-miss
934 silly fetch manifest micromatch@^4.0.4
935 silly packumentCache full:https://registry.npmjs.org/micromatch cache-miss
936 http fetch GET 200 https://registry.npmjs.org/glob-parent 241ms (cache hit)
937 silly packumentCache full:https://registry.npmjs.org/glob-parent set size:42445 disposed:false
938 http fetch GET 200 https://registry.npmjs.org/micromatch 236ms (cache hit)
939 silly packumentCache full:https://registry.npmjs.org/micromatch set size:240630 disposed:false
940 http fetch GET 200 https://registry.npmjs.org/merge2 323ms (cache miss)
941 silly packumentCache full:https://registry.npmjs.org/merge2 set size:undefined disposed:false
942 silly fetch manifest typescript@>=4.2.0
943 silly packumentCache full:https://registry.npmjs.org/typescript cache-miss
944 http fetch GET 200 https://registry.npmjs.org/typescript 176ms (cache hit)
945 silly packumentCache full:https://registry.npmjs.org/typescript set size:13544997 disposed:false
946 silly fetch manifest eslint@^8.57.0 || ^9.0.0
947 silly packumentCache full:https://registry.npmjs.org/eslint cache-miss
948 http fetch GET 200 https://registry.npmjs.org/eslint 15ms (cache hit)
949 silly packumentCache full:https://registry.npmjs.org/eslint set size:1686803 disposed:false
950 silly placeDep ROOT @typescript-eslint/scope-manager@8.17.0 OK for: @typescript-eslint/eslint-plugin@8.17.0 want: 8.17.0
951 silly placeDep ROOT @typescript-eslint/type-utils@8.17.0 OK for: @typescript-eslint/eslint-plugin@8.17.0 want: 8.17.0
952 silly placeDep ROOT @typescript-eslint/utils@8.17.0 OK for: @typescript-eslint/eslint-plugin@8.17.0 want: 8.17.0
953 silly placeDep ROOT @typescript-eslint/visitor-keys@8.17.0 OK for: @typescript-eslint/eslint-plugin@8.17.0 want: 8.17.0
954 silly placeDep ROOT ts-api-utils@1.4.3 OK for: @typescript-eslint/eslint-plugin@8.17.0 want: ^1.3.0
955 silly fetch manifest eslint-visitor-keys@^4.2.0
956 silly packumentCache full:https://registry.npmjs.org/eslint-visitor-keys cache-miss
957 http fetch GET 200 https://registry.npmjs.org/eslint-visitor-keys 199ms (cache hit)
958 silly packumentCache full:https://registry.npmjs.org/eslint-visitor-keys set size:61534 disposed:false
959 silly placeDep ROOT @typescript-eslint/types@8.17.0 OK for: @typescript-eslint/parser@8.17.0 want: 8.17.0
960 silly placeDep ROOT @typescript-eslint/typescript-estree@8.17.0 OK for: @typescript-eslint/parser@8.17.0 want: 8.17.0
961 silly fetch manifest semver@^7.6.0
962 silly packumentCache full:https://registry.npmjs.org/semver cache-miss
963 silly fetch manifest minimatch@^9.0.4
964 silly packumentCache full:https://registry.npmjs.org/minimatch cache-hit
965 http fetch GET 200 https://registry.npmjs.org/semver 31ms (cache hit)
966 silly packumentCache full:https://registry.npmjs.org/semver set size:215926 disposed:false
967 silly placeDep node_modules/@typescript-eslint/typescript-estree fast-glob@3.3.2 OK for: @typescript-eslint/typescript-estree@8.17.0 want: ^3.3.2
968 silly placeDep node_modules/@typescript-eslint/typescript-estree minimatch@9.0.5 OK for: @typescript-eslint/typescript-estree@8.17.0 want: ^9.0.4
969 silly placeDep ROOT semver@7.6.3 OK for: @typescript-eslint/typescript-estree@8.17.0 want: ^7.6.0
970 silly fetch manifest brace-expansion@^2.0.1
971 silly packumentCache full:https://registry.npmjs.org/brace-expansion cache-miss
972 http fetch GET 200 https://registry.npmjs.org/brace-expansion 70ms (cache hit)
973 silly packumentCache full:https://registry.npmjs.org/brace-expansion set size:42345 disposed:false
974 silly placeDep node_modules/@typescript-eslint/visitor-keys eslint-visitor-keys@4.2.0 OK for: @typescript-eslint/visitor-keys@8.17.0 want: ^4.2.0
975 silly placeDep node_modules/eslint-import-resolver-node debug@3.2.7 OK for: eslint-import-resolver-node@0.3.9 want: ^3.2.7
976 silly placeDep ROOT is-core-module@2.15.1 OK for: eslint-import-resolver-node@0.3.9 want: ^2.13.0
977 silly placeDep ROOT resolve@1.22.8 OK for: eslint-import-resolver-node@0.3.9 want: ^1.22.4
978 silly fetch manifest path-parse@^1.0.7
979 silly packumentCache full:https://registry.npmjs.org/path-parse cache-miss
980 silly fetch manifest supports-preserve-symlinks-flag@^1.0.0
981 silly packumentCache full:https://registry.npmjs.org/supports-preserve-symlinks-flag cache-miss
982 http fetch GET 200 https://registry.npmjs.org/path-parse 250ms (cache miss)
983 silly packumentCache full:https://registry.npmjs.org/path-parse set size:undefined disposed:false
984 http fetch GET 200 https://registry.npmjs.org/supports-preserve-symlinks-flag 252ms (cache miss)
985 silly packumentCache full:https://registry.npmjs.org/supports-preserve-symlinks-flag set size:undefined disposed:false
986 silly placeDep ROOT @nolyfill/is-core-module@1.0.39 OK for: eslint-import-resolver-typescript@3.7.0 want: 1.0.39
987 silly placeDep ROOT enhanced-resolve@5.17.1 OK for: eslint-import-resolver-typescript@3.7.0 want: ^5.15.0
988 silly placeDep node_modules/eslint-import-resolver-typescript fast-glob@3.3.2 OK for: eslint-import-resolver-typescript@3.7.0 want: ^3.3.2
989 silly placeDep ROOT get-tsconfig@4.8.1 OK for: eslint-import-resolver-typescript@3.7.0 want: ^4.7.5
990 silly placeDep ROOT is-bun-module@1.3.0 OK for: eslint-import-resolver-typescript@3.7.0 want: ^1.0.2
991 silly placeDep ROOT stable-hash@0.0.4 OK for: eslint-import-resolver-typescript@3.7.0 want: ^0.0.4
992 silly fetch manifest graceful-fs@^4.2.4
993 silly packumentCache full:https://registry.npmjs.org/graceful-fs cache-miss
994 silly fetch manifest tapable@^2.2.0
995 silly packumentCache full:https://registry.npmjs.org/tapable cache-miss
996 silly fetch manifest resolve-pkg-maps@^1.0.0
997 silly packumentCache full:https://registry.npmjs.org/resolve-pkg-maps cache-miss
998 http fetch GET 200 https://registry.npmjs.org/graceful-fs 256ms (cache miss)
999 silly packumentCache full:https://registry.npmjs.org/graceful-fs set size:undefined disposed:false
1000 http fetch GET 200 https://registry.npmjs.org/resolve-pkg-maps 262ms (cache miss)
1001 silly packumentCache full:https://registry.npmjs.org/resolve-pkg-maps set size:undefined disposed:false
1002 http fetch GET 200 https://registry.npmjs.org/tapable 411ms (cache miss)
1003 silly packumentCache full:https://registry.npmjs.org/tapable set size:undefined disposed:false
1004 silly placeDep ROOT graceful-fs@4.2.11 OK for: enhanced-resolve@5.17.1 want: ^4.2.4
1005 silly placeDep ROOT tapable@2.2.1 OK for: enhanced-resolve@5.17.1 want: ^2.2.0
1006 silly placeDep ROOT @rtsao/scc@1.1.0 OK for: eslint-plugin-import@2.31.0 want: ^1.1.0
1007 silly placeDep ROOT array-includes@3.1.8 OK for: eslint-plugin-import@2.31.0 want: ^3.1.8
1008 silly placeDep ROOT array.prototype.findlastindex@1.2.5 OK for: eslint-plugin-import@2.31.0 want: ^1.2.5
1009 silly placeDep ROOT array.prototype.flat@1.3.2 OK for: eslint-plugin-import@2.31.0 want: ^1.3.2
1010 silly placeDep ROOT array.prototype.flatmap@1.3.2 OK for: eslint-plugin-import@2.31.0 want: ^1.3.2
1011 silly placeDep node_modules/eslint-plugin-import debug@3.2.7 OK for: eslint-plugin-import@2.31.0 want: ^3.2.7
1012 silly placeDep node_modules/eslint-plugin-import doctrine@2.1.0 OK for: eslint-plugin-import@2.31.0 want: ^2.1.0
1013 silly placeDep ROOT eslint-module-utils@2.12.0 OK for: eslint-plugin-import@2.31.0 want: ^2.12.0
1014 silly placeDep ROOT hasown@2.0.2 OK for: eslint-plugin-import@2.31.0 want: ^2.0.2
1015 silly placeDep ROOT object.fromentries@2.0.8 OK for: eslint-plugin-import@2.31.0 want: ^2.0.8
1016 silly placeDep ROOT object.groupby@1.0.3 OK for: eslint-plugin-import@2.31.0 want: ^1.0.3
1017 silly placeDep ROOT object.values@1.2.0 OK for: eslint-plugin-import@2.31.0 want: ^1.2.0
1018 silly placeDep node_modules/eslint-plugin-import semver@6.3.1 OK for: eslint-plugin-import@2.31.0 want: ^6.3.1
1019 silly placeDep ROOT string.prototype.trimend@1.0.8 OK for: eslint-plugin-import@2.31.0 want: ^1.0.8
1020 silly placeDep ROOT tsconfig-paths@3.15.0 OK for: eslint-plugin-import@2.31.0 want: ^3.15.0
1021 silly fetch manifest call-bind@^1.0.7
1022 silly packumentCache full:https://registry.npmjs.org/call-bind cache-miss
1023 silly fetch manifest define-properties@^1.2.1
1024 silly packumentCache full:https://registry.npmjs.org/define-properties cache-miss
1025 silly fetch manifest es-abstract@^1.23.2
1026 silly packumentCache full:https://registry.npmjs.org/es-abstract cache-miss
1027 http fetch GET 200 https://registry.npmjs.org/define-properties 245ms (cache miss)
1028 silly packumentCache full:https://registry.npmjs.org/define-properties set size:undefined disposed:false
1029 silly fetch manifest es-object-atoms@^1.0.0
1030 silly packumentCache full:https://registry.npmjs.org/es-object-atoms cache-miss
1031 http fetch GET 200 https://registry.npmjs.org/call-bind 254ms (cache miss)
1032 silly packumentCache full:https://registry.npmjs.org/call-bind set size:undefined disposed:false
1033 silly fetch manifest get-intrinsic@^1.2.4
1034 silly packumentCache full:https://registry.npmjs.org/get-intrinsic cache-miss
1035 http fetch GET 200 https://registry.npmjs.org/es-object-atoms 199ms (cache miss)
1036 silly packumentCache full:https://registry.npmjs.org/es-object-atoms set size:undefined disposed:false
1037 silly fetch manifest is-string@^1.0.7
1038 silly packumentCache full:https://registry.npmjs.org/is-string cache-miss
1039 http fetch GET 200 https://registry.npmjs.org/get-intrinsic 218ms (cache miss)
1040 silly packumentCache full:https://registry.npmjs.org/get-intrinsic set size:undefined disposed:false
1041 silly fetch manifest es-abstract@^1.23.2
1042 silly packumentCache full:https://registry.npmjs.org/es-abstract cache-miss
1043 http fetch GET 200 https://registry.npmjs.org/es-abstract 537ms (cache miss)
1044 silly packumentCache full:https://registry.npmjs.org/es-abstract set size:undefined disposed:false
1045 silly fetch manifest es-errors@^1.3.0
1046 silly packumentCache full:https://registry.npmjs.org/es-errors cache-miss
1047 http fetch GET 200 https://registry.npmjs.org/is-string 208ms (cache miss)
1048 silly packumentCache full:https://registry.npmjs.org/is-string set size:undefined disposed:false
1049 silly fetch manifest es-shim-unscopables@^1.0.2
1050 silly packumentCache full:https://registry.npmjs.org/es-shim-unscopables cache-miss
1051 http fetch GET 200 https://registry.npmjs.org/es-abstract 245ms (cache miss)
1052 silly packumentCache full:https://registry.npmjs.org/es-abstract set size:undefined disposed:false
1053 silly fetch manifest call-bind@^1.0.2
1054 silly packumentCache full:https://registry.npmjs.org/call-bind cache-miss
1055 http fetch GET 200 https://registry.npmjs.org/call-bind 75ms (cache hit)
1056 silly packumentCache full:https://registry.npmjs.org/call-bind set size:27182 disposed:false
1057 silly fetch manifest define-properties@^1.2.0
1058 silly packumentCache full:https://registry.npmjs.org/define-properties cache-miss
1059 http fetch GET 200 https://registry.npmjs.org/es-errors 266ms (cache miss)
1060 silly packumentCache full:https://registry.npmjs.org/es-errors set size:undefined disposed:false
1061 silly fetch manifest es-abstract@^1.22.1
1062 silly packumentCache full:https://registry.npmjs.org/es-abstract cache-miss
1063 http fetch GET 200 https://registry.npmjs.org/define-properties 25ms (cache hit)
1064 silly packumentCache full:https://registry.npmjs.org/define-properties set size:31491 disposed:false
1065 silly fetch manifest es-shim-unscopables@^1.0.0
1066 silly packumentCache full:https://registry.npmjs.org/es-shim-unscopables cache-miss
1067 http fetch GET 200 https://registry.npmjs.org/es-abstract 25ms (cache hit)
1068 silly packumentCache full:https://registry.npmjs.org/es-abstract set size:340478 disposed:false
1069 silly fetch manifest es-shim-unscopables@^1.0.0
1070 silly packumentCache full:https://registry.npmjs.org/es-shim-unscopables cache-miss
1071 http fetch GET 200 https://registry.npmjs.org/es-shim-unscopables 206ms (cache miss)
1072 silly packumentCache full:https://registry.npmjs.org/es-shim-unscopables set size:undefined disposed:false
1073 silly fetch manifest function-bind@^1.1.2
1074 silly packumentCache full:https://registry.npmjs.org/function-bind cache-miss
1075 http fetch GET 200 https://registry.npmjs.org/es-shim-unscopables 229ms (cache miss)
1076 silly packumentCache full:https://registry.npmjs.org/es-shim-unscopables set size:undefined disposed:false
1077 silly fetch manifest json5@^1.0.2
1078 silly packumentCache full:https://registry.npmjs.org/json5 cache-miss
1079 http fetch GET 200 https://registry.npmjs.org/es-shim-unscopables 239ms (cache miss)
1080 silly packumentCache full:https://registry.npmjs.org/es-shim-unscopables set size:undefined disposed:false
1081 silly fetch manifest minimist@^1.2.6
1082 silly packumentCache full:https://registry.npmjs.org/minimist cache-miss
1083 http fetch GET 200 https://registry.npmjs.org/function-bind 232ms (cache miss)
1084 silly packumentCache full:https://registry.npmjs.org/function-bind set size:undefined disposed:false
1085 silly fetch manifest strip-bom@^3.0.0
1086 silly packumentCache full:https://registry.npmjs.org/strip-bom cache-miss
1087 http fetch GET 200 https://registry.npmjs.org/strip-bom 265ms (cache miss)
1088 silly packumentCache full:https://registry.npmjs.org/strip-bom set size:undefined disposed:false
1089 silly fetch manifest @types/json5@^0.0.29
1090 silly packumentCache full:https://registry.npmjs.org/@types%2fjson5 cache-miss
1091 http fetch GET 200 https://registry.npmjs.org/minimist 303ms (cache miss)
1092 silly packumentCache full:https://registry.npmjs.org/minimist set size:undefined disposed:false
1093 http fetch GET 200 https://registry.npmjs.org/json5 318ms (cache miss)
1094 silly packumentCache full:https://registry.npmjs.org/json5 set size:undefined disposed:false
1095 http fetch GET 200 https://registry.npmjs.org/@types%2fjson5 283ms (cache miss)
1096 silly packumentCache full:https://registry.npmjs.org/@types%2fjson5 set size:undefined disposed:false
1097 silly placeDep ROOT call-bind@1.0.7 OK for: array-includes@3.1.8 want: ^1.0.7
1098 silly placeDep ROOT define-properties@1.2.1 OK for: array-includes@3.1.8 want: ^1.2.1
1099 silly placeDep ROOT es-abstract@1.23.5 OK for: array-includes@3.1.8 want: ^1.23.2
1100 silly placeDep ROOT es-object-atoms@1.0.0 OK for: array-includes@3.1.8 want: ^1.0.0
1101 silly placeDep ROOT get-intrinsic@1.2.4 OK for: array-includes@3.1.8 want: ^1.2.4
1102 silly placeDep ROOT is-string@1.1.0 OK for: array-includes@3.1.8 want: ^1.0.7
1103 silly fetch manifest es-define-property@^1.0.0
1104 silly packumentCache full:https://registry.npmjs.org/es-define-property cache-miss
1105 silly fetch manifest set-function-length@^1.2.1
1106 silly packumentCache full:https://registry.npmjs.org/set-function-length cache-miss
1107 silly fetch manifest define-data-property@^1.0.1
1108 silly packumentCache full:https://registry.npmjs.org/define-data-property cache-miss
1109 http fetch GET 200 https://registry.npmjs.org/define-data-property 287ms (cache miss)
1110 silly packumentCache full:https://registry.npmjs.org/define-data-property set size:undefined disposed:false
1111 silly fetch manifest has-property-descriptors@^1.0.0
1112 silly packumentCache full:https://registry.npmjs.org/has-property-descriptors cache-miss
1113 http fetch GET 200 https://registry.npmjs.org/es-define-property 299ms (cache miss)
1114 silly packumentCache full:https://registry.npmjs.org/es-define-property set size:undefined disposed:false
1115 silly fetch manifest object-keys@^1.1.1
1116 silly packumentCache full:https://registry.npmjs.org/object-keys cache-miss
1117 http fetch GET 200 https://registry.npmjs.org/set-function-length 305ms (cache miss)
1118 silly packumentCache full:https://registry.npmjs.org/set-function-length set size:undefined disposed:false
1119 silly fetch manifest array-buffer-byte-length@^1.0.1
1120 silly packumentCache full:https://registry.npmjs.org/array-buffer-byte-length cache-miss
1121 http fetch GET 200 https://registry.npmjs.org/has-property-descriptors 271ms (cache miss)
1122 silly packumentCache full:https://registry.npmjs.org/has-property-descriptors set size:undefined disposed:false
1123 silly fetch manifest arraybuffer.prototype.slice@^1.0.3
1124 silly packumentCache full:https://registry.npmjs.org/arraybuffer.prototype.slice cache-miss
1125 http fetch GET 200 https://registry.npmjs.org/object-keys 270ms (cache miss)
1126 silly packumentCache full:https://registry.npmjs.org/object-keys set size:undefined disposed:false
1127 silly fetch manifest available-typed-arrays@^1.0.7
1128 silly packumentCache full:https://registry.npmjs.org/available-typed-arrays cache-miss
1129 http fetch GET 200 https://registry.npmjs.org/array-buffer-byte-length 267ms (cache miss)
1130 silly packumentCache full:https://registry.npmjs.org/array-buffer-byte-length set size:undefined disposed:false
1131 silly fetch manifest data-view-buffer@^1.0.1
1132 silly packumentCache full:https://registry.npmjs.org/data-view-buffer cache-miss
1133 http fetch GET 200 https://registry.npmjs.org/arraybuffer.prototype.slice 223ms (cache miss)
1134 silly packumentCache full:https://registry.npmjs.org/arraybuffer.prototype.slice set size:undefined disposed:false
1135 silly fetch manifest data-view-byte-length@^1.0.1
1136 silly packumentCache full:https://registry.npmjs.org/data-view-byte-length cache-miss
1137 http fetch GET 200 https://registry.npmjs.org/data-view-buffer 238ms (cache miss)
1138 silly packumentCache full:https://registry.npmjs.org/data-view-buffer set size:undefined disposed:false
1139 silly fetch manifest data-view-byte-offset@^1.0.0
1140 silly packumentCache full:https://registry.npmjs.org/data-view-byte-offset cache-miss
1141 http fetch GET 200 https://registry.npmjs.org/available-typed-arrays 246ms (cache miss)
1142 silly packumentCache full:https://registry.npmjs.org/available-typed-arrays set size:undefined disposed:false
1143 silly fetch manifest es-set-tostringtag@^2.0.3
1144 silly packumentCache full:https://registry.npmjs.org/es-set-tostringtag cache-miss
1145 http fetch GET 200 https://registry.npmjs.org/data-view-byte-length 190ms (cache miss)
1146 silly packumentCache full:https://registry.npmjs.org/data-view-byte-length set size:undefined disposed:false
1147 silly fetch manifest es-to-primitive@^1.2.1
1148 silly packumentCache full:https://registry.npmjs.org/es-to-primitive cache-miss
1149 http fetch GET 200 https://registry.npmjs.org/es-set-tostringtag 182ms (cache miss)
1150 silly packumentCache full:https://registry.npmjs.org/es-set-tostringtag set size:undefined disposed:false
1151 silly fetch manifest function.prototype.name@^1.1.6
1152 silly packumentCache full:https://registry.npmjs.org/function.prototype.name cache-miss
1153 http fetch GET 200 https://registry.npmjs.org/data-view-byte-offset 194ms (cache miss)
1154 silly packumentCache full:https://registry.npmjs.org/data-view-byte-offset set size:undefined disposed:false
1155 silly fetch manifest get-symbol-description@^1.0.2
1156 silly packumentCache full:https://registry.npmjs.org/get-symbol-description cache-miss
1157 http fetch GET 200 https://registry.npmjs.org/function.prototype.name 252ms (cache miss)
1158 silly packumentCache full:https://registry.npmjs.org/function.prototype.name set size:undefined disposed:false
1159 silly fetch manifest globalthis@^1.0.4
1160 silly packumentCache full:https://registry.npmjs.org/globalthis cache-miss
1161 http fetch GET 200 https://registry.npmjs.org/get-symbol-description 257ms (cache miss)
1162 silly packumentCache full:https://registry.npmjs.org/get-symbol-description set size:undefined disposed:false
1163 silly fetch manifest gopd@^1.0.1
1164 silly packumentCache full:https://registry.npmjs.org/gopd cache-miss
1165 http fetch GET 200 https://registry.npmjs.org/es-to-primitive 292ms (cache miss)
1166 silly packumentCache full:https://registry.npmjs.org/es-to-primitive set size:undefined disposed:false
1167 silly fetch manifest has-property-descriptors@^1.0.2
1168 silly packumentCache full:https://registry.npmjs.org/has-property-descriptors cache-miss
1169 http fetch GET 200 https://registry.npmjs.org/has-property-descriptors 24ms (cache hit)
1170 silly packumentCache full:https://registry.npmjs.org/has-property-descriptors set size:12452 disposed:false
1171 silly fetch manifest has-proto@^1.0.3
1172 silly packumentCache full:https://registry.npmjs.org/has-proto cache-miss
1173 http fetch GET 200 https://registry.npmjs.org/globalthis 194ms (cache miss)
1174 silly packumentCache full:https://registry.npmjs.org/globalthis set size:undefined disposed:false
1175 silly fetch manifest has-symbols@^1.0.3
1176 silly packumentCache full:https://registry.npmjs.org/has-symbols cache-miss
1177 http fetch GET 200 https://registry.npmjs.org/gopd 210ms (cache miss)
1178 silly packumentCache full:https://registry.npmjs.org/gopd set size:undefined disposed:false
1179 silly fetch manifest internal-slot@^1.0.7
1180 silly packumentCache full:https://registry.npmjs.org/internal-slot cache-miss
1181 http fetch GET 200 https://registry.npmjs.org/has-proto 211ms (cache miss)
1182 silly packumentCache full:https://registry.npmjs.org/has-proto set size:undefined disposed:false
1183 silly fetch manifest is-array-buffer@^3.0.4
1184 silly packumentCache full:https://registry.npmjs.org/is-array-buffer cache-miss
1185 http fetch GET 200 https://registry.npmjs.org/internal-slot 252ms (cache miss)
1186 silly packumentCache full:https://registry.npmjs.org/internal-slot set size:undefined disposed:false
1187 silly fetch manifest is-callable@^1.2.7
1188 silly packumentCache full:https://registry.npmjs.org/is-callable cache-miss
1189 http fetch GET 200 https://registry.npmjs.org/has-symbols 281ms (cache miss)
1190 silly packumentCache full:https://registry.npmjs.org/has-symbols set size:undefined disposed:false
1191 silly fetch manifest is-data-view@^1.0.1
1192 silly packumentCache full:https://registry.npmjs.org/is-data-view cache-miss
1193 http fetch GET 200 https://registry.npmjs.org/is-array-buffer 234ms (cache miss)
1194 silly packumentCache full:https://registry.npmjs.org/is-array-buffer set size:undefined disposed:false
1195 silly fetch manifest is-negative-zero@^2.0.3
1196 silly packumentCache full:https://registry.npmjs.org/is-negative-zero cache-miss
1197 http fetch GET 200 https://registry.npmjs.org/is-data-view 352ms (cache miss)
1198 silly packumentCache full:https://registry.npmjs.org/is-data-view set size:undefined disposed:false
1199 silly fetch manifest is-regex@^1.1.4
1200 silly packumentCache full:https://registry.npmjs.org/is-regex cache-miss
1201 http fetch GET 200 https://registry.npmjs.org/is-negative-zero 346ms (cache miss)
1202 silly packumentCache full:https://registry.npmjs.org/is-negative-zero set size:undefined disposed:false
1203 silly fetch manifest is-shared-array-buffer@^1.0.3
1204 silly packumentCache full:https://registry.npmjs.org/is-shared-array-buffer cache-miss
1205 http fetch GET 200 https://registry.npmjs.org/is-callable 368ms (cache miss)
1206 silly packumentCache full:https://registry.npmjs.org/is-callable set size:undefined disposed:false
1207 silly fetch manifest is-typed-array@^1.1.13
1208 silly packumentCache full:https://registry.npmjs.org/is-typed-array cache-miss
1209 http fetch GET 200 https://registry.npmjs.org/is-shared-array-buffer 193ms (cache miss)
1210 silly packumentCache full:https://registry.npmjs.org/is-shared-array-buffer set size:undefined disposed:false
1211 silly fetch manifest is-weakref@^1.0.2
1212 silly packumentCache full:https://registry.npmjs.org/is-weakref cache-miss
1213 http fetch GET 200 https://registry.npmjs.org/is-regex 204ms (cache miss)
1214 silly packumentCache full:https://registry.npmjs.org/is-regex set size:undefined disposed:false
1215 silly fetch manifest object-inspect@^1.13.3
1216 silly packumentCache full:https://registry.npmjs.org/object-inspect cache-miss
1217 http fetch GET 200 https://registry.npmjs.org/is-typed-array 337ms (cache miss)
1218 silly packumentCache full:https://registry.npmjs.org/is-typed-array set size:undefined disposed:false
1219 silly fetch manifest object.assign@^4.1.5
1220 silly packumentCache full:https://registry.npmjs.org/object.assign cache-miss
1221 http fetch GET 200 https://registry.npmjs.org/is-weakref 216ms (cache miss)
1222 silly packumentCache full:https://registry.npmjs.org/is-weakref set size:undefined disposed:false
1223 silly fetch manifest regexp.prototype.flags@^1.5.3
1224 silly packumentCache full:https://registry.npmjs.org/regexp.prototype.flags cache-miss
1225 http fetch GET 200 https://registry.npmjs.org/object-inspect 218ms (cache miss)
1226 silly packumentCache full:https://registry.npmjs.org/object-inspect set size:undefined disposed:false
1227 silly fetch manifest safe-array-concat@^1.1.2
1228 silly packumentCache full:https://registry.npmjs.org/safe-array-concat cache-miss
1229 http fetch GET 200 https://registry.npmjs.org/object.assign 245ms (cache miss)
1230 silly packumentCache full:https://registry.npmjs.org/object.assign set size:undefined disposed:false
1231 silly fetch manifest string.prototype.trim@^1.2.9
1232 silly packumentCache full:https://registry.npmjs.org/string.prototype.trim cache-miss
1233 http fetch GET 200 https://registry.npmjs.org/regexp.prototype.flags 231ms (cache miss)
1234 silly packumentCache full:https://registry.npmjs.org/regexp.prototype.flags set size:undefined disposed:false
1235 silly fetch manifest string.prototype.trimstart@^1.0.8
1236 silly packumentCache full:https://registry.npmjs.org/string.prototype.trimstart cache-miss
1237 http fetch GET 200 https://registry.npmjs.org/safe-array-concat 229ms (cache miss)
1238 silly packumentCache full:https://registry.npmjs.org/safe-array-concat set size:undefined disposed:false
1239 silly fetch manifest typed-array-buffer@^1.0.2
1240 silly packumentCache full:https://registry.npmjs.org/typed-array-buffer cache-miss
1241 http fetch GET 200 https://registry.npmjs.org/string.prototype.trimstart 281ms (cache miss)
1242 silly packumentCache full:https://registry.npmjs.org/string.prototype.trimstart set size:undefined disposed:false
1243 silly fetch manifest typed-array-byte-length@^1.0.1
1244 silly packumentCache full:https://registry.npmjs.org/typed-array-byte-length cache-miss
1245 http fetch GET 200 https://registry.npmjs.org/string.prototype.trim 354ms (cache miss)
1246 silly packumentCache full:https://registry.npmjs.org/string.prototype.trim set size:undefined disposed:false
1247 silly fetch manifest typed-array-byte-offset@^1.0.2
1248 silly packumentCache full:https://registry.npmjs.org/typed-array-byte-offset cache-miss
1249 http fetch GET 200 https://registry.npmjs.org/typed-array-buffer 309ms (cache miss)
1250 silly packumentCache full:https://registry.npmjs.org/typed-array-buffer set size:undefined disposed:false
1251 silly fetch manifest typed-array-length@^1.0.6
1252 silly packumentCache full:https://registry.npmjs.org/typed-array-length cache-miss
1253 http fetch GET 200 https://registry.npmjs.org/typed-array-byte-offset 272ms (cache miss)
1254 silly packumentCache full:https://registry.npmjs.org/typed-array-byte-offset set size:undefined disposed:false
1255 silly fetch manifest unbox-primitive@^1.0.2
1256 silly packumentCache full:https://registry.npmjs.org/unbox-primitive cache-miss
1257 http fetch GET 200 https://registry.npmjs.org/typed-array-byte-length 295ms (cache miss)
1258 silly packumentCache full:https://registry.npmjs.org/typed-array-byte-length set size:undefined disposed:false
1259 silly fetch manifest which-typed-array@^1.1.15
1260 silly packumentCache full:https://registry.npmjs.org/which-typed-array cache-miss
1261 http fetch GET 200 https://registry.npmjs.org/typed-array-length 280ms (cache miss)
1262 silly packumentCache full:https://registry.npmjs.org/typed-array-length set size:undefined disposed:false
1263 silly fetch manifest has-proto@^1.0.1
1264 silly packumentCache full:https://registry.npmjs.org/has-proto cache-miss
1265 http fetch GET 200 https://registry.npmjs.org/has-proto 25ms (cache hit)
1266 silly packumentCache full:https://registry.npmjs.org/has-proto set size:18502 disposed:false
1267 silly fetch manifest has-tostringtag@^1.0.2
1268 silly packumentCache full:https://registry.npmjs.org/has-tostringtag cache-miss
1269 http fetch GET 200 https://registry.npmjs.org/has-tostringtag 272ms (cache miss)
1270 silly packumentCache full:https://registry.npmjs.org/has-tostringtag set size:undefined disposed:false
1271 http fetch GET 200 https://registry.npmjs.org/unbox-primitive 325ms (cache miss)
1272 silly packumentCache full:https://registry.npmjs.org/unbox-primitive set size:undefined disposed:false
1273 http fetch GET 200 https://registry.npmjs.org/which-typed-array 318ms (cache miss)
1274 silly packumentCache full:https://registry.npmjs.org/which-typed-array set size:undefined disposed:false
1275 silly placeDep ROOT es-errors@1.3.0 OK for: array.prototype.findlastindex@1.2.5 want: ^1.3.0
1276 silly placeDep ROOT es-shim-unscopables@1.0.2 OK for: array.prototype.findlastindex@1.2.5 want: ^1.0.2
1277 silly placeDep ROOT es-define-property@1.0.0 OK for: call-bind@1.0.7 want: ^1.0.0
1278 silly placeDep ROOT function-bind@1.1.2 OK for: call-bind@1.0.7 want: ^1.1.2
1279 silly placeDep ROOT set-function-length@1.2.2 OK for: call-bind@1.0.7 want: ^1.2.1
1280 silly fetch manifest define-data-property@^1.1.4
1281 silly packumentCache full:https://registry.npmjs.org/define-data-property cache-miss
1282 http fetch GET 200 https://registry.npmjs.org/define-data-property 114ms (cache hit)
1283 silly packumentCache full:https://registry.npmjs.org/define-data-property set size:28048 disposed:false
1284 silly placeDep ROOT define-data-property@1.1.4 OK for: define-properties@1.2.1 want: ^1.0.1
1285 silly placeDep ROOT has-property-descriptors@1.0.2 OK for: define-properties@1.2.1 want: ^1.0.0
1286 silly placeDep ROOT object-keys@1.1.1 OK for: define-properties@1.2.1 want: ^1.1.1
1287 silly placeDep ROOT gopd@1.2.0 OK for: define-data-property@1.1.4 want: ^1.0.1
1288 silly placeDep ROOT array-buffer-byte-length@1.0.1 OK for: es-abstract@1.23.5 want: ^1.0.1
1289 silly placeDep ROOT arraybuffer.prototype.slice@1.0.3 OK for: es-abstract@1.23.5 want: ^1.0.3
1290 silly placeDep ROOT available-typed-arrays@1.0.7 OK for: es-abstract@1.23.5 want: ^1.0.7
1291 silly placeDep ROOT data-view-buffer@1.0.1 OK for: es-abstract@1.23.5 want: ^1.0.1
1292 silly placeDep ROOT data-view-byte-length@1.0.1 OK for: es-abstract@1.23.5 want: ^1.0.1
1293 silly placeDep ROOT data-view-byte-offset@1.0.0 OK for: es-abstract@1.23.5 want: ^1.0.0
1294 silly placeDep ROOT es-set-tostringtag@2.0.3 OK for: es-abstract@1.23.5 want: ^2.0.3
1295 silly placeDep ROOT es-to-primitive@1.3.0 OK for: es-abstract@1.23.5 want: ^1.2.1
1296 silly placeDep ROOT function.prototype.name@1.1.6 OK for: es-abstract@1.23.5 want: ^1.1.6
1297 silly placeDep ROOT get-symbol-description@1.0.2 OK for: es-abstract@1.23.5 want: ^1.0.2
1298 silly placeDep ROOT globalthis@1.0.4 OK for: es-abstract@1.23.5 want: ^1.0.4
1299 silly placeDep ROOT has-proto@1.1.0 OK for: es-abstract@1.23.5 want: ^1.0.3
1300 silly placeDep ROOT has-symbols@1.1.0 OK for: es-abstract@1.23.5 want: ^1.0.3
1301 silly placeDep ROOT internal-slot@1.0.7 OK for: es-abstract@1.23.5 want: ^1.0.7
1302 silly placeDep ROOT is-array-buffer@3.0.4 OK for: es-abstract@1.23.5 want: ^3.0.4
1303 silly placeDep ROOT is-callable@1.2.7 OK for: es-abstract@1.23.5 want: ^1.2.7
1304 silly placeDep ROOT is-data-view@1.0.1 OK for: es-abstract@1.23.5 want: ^1.0.1
1305 silly placeDep ROOT is-negative-zero@2.0.3 OK for: es-abstract@1.23.5 want: ^2.0.3
1306 silly placeDep ROOT is-regex@1.2.0 OK for: es-abstract@1.23.5 want: ^1.1.4
1307 silly placeDep ROOT is-shared-array-buffer@1.0.3 OK for: es-abstract@1.23.5 want: ^1.0.3
1308 silly placeDep ROOT is-typed-array@1.1.13 OK for: es-abstract@1.23.5 want: ^1.1.13
1309 silly placeDep ROOT is-weakref@1.0.2 OK for: es-abstract@1.23.5 want: ^1.0.2
1310 silly placeDep ROOT object-inspect@1.13.3 OK for: es-abstract@1.23.5 want: ^1.13.3
1311 silly placeDep ROOT object.assign@4.1.5 OK for: es-abstract@1.23.5 want: ^4.1.5
1312 silly placeDep ROOT regexp.prototype.flags@1.5.3 OK for: es-abstract@1.23.5 want: ^1.5.3
1313 silly placeDep ROOT safe-array-concat@1.1.2 OK for: es-abstract@1.23.5 want: ^1.1.2
1314 silly placeDep ROOT safe-regex-test@1.0.3 OK for: es-abstract@1.23.5 want: ^1.0.3
1315 silly placeDep ROOT string.prototype.trim@1.2.9 OK for: es-abstract@1.23.5 want: ^1.2.9
1316 silly placeDep ROOT string.prototype.trimstart@1.0.8 OK for: es-abstract@1.23.5 want: ^1.0.8
1317 silly placeDep ROOT typed-array-buffer@1.0.2 OK for: es-abstract@1.23.5 want: ^1.0.2
1318 silly placeDep ROOT typed-array-byte-length@1.0.1 OK for: es-abstract@1.23.5 want: ^1.0.1
1319 silly placeDep ROOT typed-array-byte-offset@1.0.3 OK for: es-abstract@1.23.5 want: ^1.0.2
1320 silly placeDep ROOT typed-array-length@1.0.7 OK for: es-abstract@1.23.5 want: ^1.0.6
1321 silly placeDep ROOT unbox-primitive@1.0.2 OK for: es-abstract@1.23.5 want: ^1.0.2
1322 silly placeDep ROOT which-typed-array@1.1.16 OK for: es-abstract@1.23.5 want: ^1.1.15
1323 silly fetch manifest is-shared-array-buffer@^1.0.2
1324 silly packumentCache full:https://registry.npmjs.org/is-shared-array-buffer cache-miss
1325 silly fetch manifest possible-typed-array-names@^1.0.0
1326 silly packumentCache full:https://registry.npmjs.org/possible-typed-array-names cache-miss
1327 silly fetch manifest is-date-object@^1.0.5
1328 silly packumentCache full:https://registry.npmjs.org/is-date-object cache-miss
1329 http fetch GET 200 https://registry.npmjs.org/is-shared-array-buffer 47ms (cache hit)
1330 silly packumentCache full:https://registry.npmjs.org/is-shared-array-buffer set size:16750 disposed:false
1331 silly fetch manifest is-symbol@^1.0.4
1332 silly packumentCache full:https://registry.npmjs.org/is-symbol cache-miss
1333 http fetch GET 200 https://registry.npmjs.org/possible-typed-array-names 175ms (cache miss)
1334 silly packumentCache full:https://registry.npmjs.org/possible-typed-array-names set size:undefined disposed:false
1335 silly fetch manifest functions-have-names@^1.2.3
1336 silly packumentCache full:https://registry.npmjs.org/functions-have-names cache-miss
1337 http fetch GET 200 https://registry.npmjs.org/is-date-object 211ms (cache miss)
1338 silly packumentCache full:https://registry.npmjs.org/is-date-object set size:undefined disposed:false
1339 silly fetch manifest side-channel@^1.0.4
1340 silly packumentCache full:https://registry.npmjs.org/side-channel cache-miss
1341 http fetch GET 200 https://registry.npmjs.org/is-symbol 193ms (cache miss)
1342 silly packumentCache full:https://registry.npmjs.org/is-symbol set size:undefined disposed:false
1343 silly fetch manifest which-typed-array@^1.1.14
1344 silly packumentCache full:https://registry.npmjs.org/which-typed-array cache-miss
1345 http fetch GET 200 https://registry.npmjs.org/which-typed-array 25ms (cache hit)
1346 silly packumentCache full:https://registry.npmjs.org/which-typed-array set size:77934 disposed:false
1347 silly fetch manifest set-function-name@^2.0.2
1348 silly packumentCache full:https://registry.npmjs.org/set-function-name cache-miss
1349 http fetch GET 200 https://registry.npmjs.org/functions-have-names 195ms (cache miss)
1350 silly packumentCache full:https://registry.npmjs.org/functions-have-names set size:undefined disposed:false
1351 silly fetch manifest isarray@^2.0.5
1352 silly packumentCache full:https://registry.npmjs.org/isarray cache-miss
1353 http fetch GET 200 https://registry.npmjs.org/set-function-name 168ms (cache miss)
1354 silly packumentCache full:https://registry.npmjs.org/set-function-name set size:undefined disposed:false
1355 silly fetch manifest for-each@^0.3.3
1356 silly packumentCache full:https://registry.npmjs.org/for-each cache-miss
1357 http fetch GET 200 https://registry.npmjs.org/side-channel 235ms (cache miss)
1358 silly packumentCache full:https://registry.npmjs.org/side-channel set size:undefined disposed:false
1359 silly fetch manifest for-each@^0.3.3
1360 silly packumentCache full:https://registry.npmjs.org/for-each cache-miss
1361 http fetch GET 200 https://registry.npmjs.org/isarray 191ms (cache miss)
1362 silly packumentCache full:https://registry.npmjs.org/isarray set size:undefined disposed:false
1363 silly fetch manifest reflect.getprototypeof@^1.0.6
1364 silly packumentCache full:https://registry.npmjs.org/reflect.getprototypeof cache-miss
1365 http fetch GET 200 https://registry.npmjs.org/for-each 201ms (cache miss)
1366 silly packumentCache full:https://registry.npmjs.org/for-each set size:undefined disposed:false
1367 silly fetch manifest reflect.getprototypeof@^1.0.6
1368 silly packumentCache full:https://registry.npmjs.org/reflect.getprototypeof cache-miss
1369 http fetch GET 200 https://registry.npmjs.org/for-each 211ms (cache miss)
1370 silly packumentCache full:https://registry.npmjs.org/for-each set size:undefined disposed:false
1371 silly fetch manifest has-bigints@^1.0.2
1372 silly packumentCache full:https://registry.npmjs.org/has-bigints cache-miss
1373 http fetch GET 200 https://registry.npmjs.org/reflect.getprototypeof 187ms (cache miss)
1374 silly packumentCache full:https://registry.npmjs.org/reflect.getprototypeof set size:undefined disposed:false
1375 silly fetch manifest which-boxed-primitive@^1.0.2
1376 silly packumentCache full:https://registry.npmjs.org/which-boxed-primitive cache-miss
1377 http fetch GET 200 https://registry.npmjs.org/reflect.getprototypeof 185ms (cache miss)
1378 silly packumentCache full:https://registry.npmjs.org/reflect.getprototypeof set size:undefined disposed:false
1379 http fetch GET 200 https://registry.npmjs.org/has-bigints 200ms (cache miss)
1380 silly packumentCache full:https://registry.npmjs.org/has-bigints set size:undefined disposed:false
1381 http fetch GET 200 https://registry.npmjs.org/which-boxed-primitive 205ms (cache miss)
1382 silly packumentCache full:https://registry.npmjs.org/which-boxed-primitive set size:undefined disposed:false
1383 silly placeDep ROOT possible-typed-array-names@1.0.0 OK for: available-typed-arrays@1.0.7 want: ^1.0.0
1384 silly placeDep ROOT has-tostringtag@1.0.2 OK for: es-set-tostringtag@2.0.3 want: ^1.0.2
1385 silly placeDep ROOT is-date-object@1.0.5 OK for: es-to-primitive@1.3.0 want: ^1.0.5
1386 silly placeDep ROOT is-symbol@1.1.0 OK for: es-to-primitive@1.3.0 want: ^1.0.4
1387 silly placeDep node_modules/eslint-module-utils debug@3.2.7 OK for: eslint-module-utils@2.12.0 want: ^3.2.7
1388 silly placeDep ROOT aria-query@5.3.2 OK for: eslint-plugin-jsx-a11y@6.10.2 want: ^5.3.2
1389 silly placeDep ROOT ast-types-flow@0.0.8 OK for: eslint-plugin-jsx-a11y@6.10.2 want: ^0.0.8
1390 silly placeDep ROOT axe-core@4.10.2 OK for: eslint-plugin-jsx-a11y@6.10.2 want: ^4.10.0
1391 silly placeDep ROOT axobject-query@4.1.0 OK for: eslint-plugin-jsx-a11y@6.10.2 want: ^4.1.0
1392 silly placeDep ROOT damerau-levenshtein@1.0.8 OK for: eslint-plugin-jsx-a11y@6.10.2 want: ^1.0.8
1393 silly placeDep ROOT emoji-regex@9.2.2 OK for: eslint-plugin-jsx-a11y@6.10.2 want: ^9.2.2
1394 silly placeDep ROOT jsx-ast-utils@3.3.5 OK for: eslint-plugin-jsx-a11y@6.10.2 want: ^3.3.5
1395 silly placeDep ROOT language-tags@1.0.9 OK for: eslint-plugin-jsx-a11y@6.10.2 want: ^1.0.9
1396 silly placeDep ROOT string.prototype.includes@2.0.1 OK for: eslint-plugin-jsx-a11y@6.10.2 want: ^2.0.1
1397 silly fetch manifest language-subtag-registry@^0.3.20
1398 silly packumentCache full:https://registry.npmjs.org/language-subtag-registry cache-miss
1399 http fetch GET 200 https://registry.npmjs.org/language-subtag-registry 238ms (cache miss)
1400 silly packumentCache full:https://registry.npmjs.org/language-subtag-registry set size:undefined disposed:false
1401 silly placeDep ROOT array.prototype.findlast@1.2.5 OK for: eslint-plugin-react@7.37.2 want: ^1.2.5
1402 silly placeDep ROOT array.prototype.tosorted@1.1.4 OK for: eslint-plugin-react@7.37.2 want: ^1.1.4
1403 silly placeDep node_modules/eslint-plugin-react doctrine@2.1.0 OK for: eslint-plugin-react@7.37.2 want: ^2.1.0
1404 silly placeDep ROOT es-iterator-helpers@1.2.0 OK for: eslint-plugin-react@7.37.2 want: ^1.1.0
1405 silly placeDep ROOT estraverse@5.3.0 OK for: eslint-plugin-react@7.37.2 want: ^5.3.0
1406 silly placeDep ROOT object.entries@1.1.8 OK for: eslint-plugin-react@7.37.2 want: ^1.1.8
1407 silly placeDep ROOT prop-types@15.8.1 OK for: eslint-plugin-react@7.37.2 want: ^15.8.1
1408 silly placeDep node_modules/eslint-plugin-react resolve@2.0.0-next.5 OK for: eslint-plugin-react@7.37.2 want: ^2.0.0-next.5
1409 silly placeDep node_modules/eslint-plugin-react semver@6.3.1 OK for: eslint-plugin-react@7.37.2 want: ^6.3.1
1410 silly placeDep ROOT string.prototype.matchall@4.0.11 OK for: eslint-plugin-react@7.37.2 want: ^4.0.11
1411 silly placeDep ROOT string.prototype.repeat@1.0.0 OK for: eslint-plugin-react@7.37.2 want: ^1.0.0
1412 silly fetch manifest iterator.prototype@^1.1.3
1413 silly packumentCache full:https://registry.npmjs.org/iterator.prototype cache-miss
1414 silly fetch manifest loose-envify@^1.4.0
1415 silly packumentCache full:https://registry.npmjs.org/loose-envify cache-miss
1416 silly fetch manifest object-assign@^4.1.1
1417 silly packumentCache full:https://registry.npmjs.org/object-assign cache-miss
1418 http fetch GET 200 https://registry.npmjs.org/object-assign 341ms (cache miss)
1419 silly packumentCache full:https://registry.npmjs.org/object-assign set size:undefined disposed:false
1420 silly fetch manifest react-is@^16.13.1
1421 silly packumentCache full:https://registry.npmjs.org/react-is cache-miss
1422 http fetch GET 200 https://registry.npmjs.org/iterator.prototype 356ms (cache miss)
1423 silly packumentCache full:https://registry.npmjs.org/iterator.prototype set size:undefined disposed:false
1424 silly fetch manifest side-channel@^1.0.6
1425 silly packumentCache full:https://registry.npmjs.org/side-channel cache-miss
1426 http fetch GET 200 https://registry.npmjs.org/loose-envify 367ms (cache miss)
1427 silly packumentCache full:https://registry.npmjs.org/loose-envify set size:undefined disposed:false
1428 http fetch GET 200 https://registry.npmjs.org/side-channel 238ms (cache hit)
1429 silly packumentCache full:https://registry.npmjs.org/side-channel set size:19518 disposed:false
1430 http fetch GET 200 https://registry.npmjs.org/react-is 3219ms (cache miss)
1431 silly packumentCache full:https://registry.npmjs.org/react-is set size:undefined disposed:false
1432 silly placeDep ROOT iterator.prototype@1.1.3 OK for: es-iterator-helpers@1.2.0 want: ^1.1.3
1433 silly fetch manifest reflect.getprototypeof@^1.0.4
1434 silly packumentCache full:https://registry.npmjs.org/reflect.getprototypeof cache-miss
1435 silly fetch manifest set-function-name@^2.0.1
1436 silly packumentCache full:https://registry.npmjs.org/set-function-name cache-miss
1437 http fetch GET 200 https://registry.npmjs.org/reflect.getprototypeof 47ms (cache hit)
1438 silly packumentCache full:https://registry.npmjs.org/reflect.getprototypeof set size:34152 disposed:false
1439 http fetch GET 200 https://registry.npmjs.org/set-function-name 47ms (cache hit)
1440 silly packumentCache full:https://registry.npmjs.org/set-function-name set size:13766 disposed:false
1441 silly placeDep ROOT esrecurse@4.3.0 OK for: eslint-scope@7.2.2 want: ^4.3.0
1442 silly placeDep ROOT acorn@8.14.0 OK for: espree@9.6.1 want: ^8.9.0
1443 silly placeDep ROOT acorn-jsx@5.3.2 OK for: espree@9.6.1 want: ^5.3.2
1444 silly placeDep node_modules/fast-glob glob-parent@5.1.2 OK for: fast-glob@3.3.1 want: ^5.1.2
1445 silly placeDep ROOT merge2@1.4.1 OK for: fast-glob@3.3.1 want: ^1.3.0
1446 silly placeDep ROOT micromatch@4.0.8 OK for: fast-glob@3.3.1 want: ^4.0.4
1447 silly fetch manifest braces@^3.0.3
1448 silly packumentCache full:https://registry.npmjs.org/braces cache-miss
1449 silly fetch manifest picomatch@^2.3.1
1450 silly packumentCache full:https://registry.npmjs.org/picomatch cache-miss
1451 http fetch GET 200 https://registry.npmjs.org/picomatch 200ms (cache miss)
1452 silly packumentCache full:https://registry.npmjs.org/picomatch set size:undefined disposed:false
1453 http fetch GET 200 https://registry.npmjs.org/braces 312ms (cache miss)
1454 silly packumentCache full:https://registry.npmjs.org/braces set size:undefined disposed:false
1455 silly placeDep ROOT reusify@1.0.4 OK for: fastq@1.17.1 want: ^1.0.4
1456 silly placeDep ROOT flat-cache@3.2.0 OK for: file-entry-cache@6.0.1 want: ^3.0.4
1457 silly fetch manifest keyv@^4.5.3
1458 silly packumentCache full:https://registry.npmjs.org/keyv cache-miss
1459 silly fetch manifest rimraf@^3.0.2
1460 silly packumentCache full:https://registry.npmjs.org/rimraf cache-miss
1461 silly fetch manifest flatted@^3.2.9
1462 silly packumentCache full:https://registry.npmjs.org/flatted cache-miss
1463 http fetch GET 200 https://registry.npmjs.org/rimraf 283ms (cache miss)
1464 silly packumentCache full:https://registry.npmjs.org/rimraf set size:undefined disposed:false
1465 http fetch GET 200 https://registry.npmjs.org/keyv 308ms (cache miss)
1466 silly packumentCache full:https://registry.npmjs.org/keyv set size:undefined disposed:false
1467 http fetch GET 200 https://registry.npmjs.org/flatted 417ms (cache miss)
1468 silly packumentCache full:https://registry.npmjs.org/flatted set size:undefined disposed:false
1469 silly placeDep ROOT locate-path@6.0.0 OK for: find-up@5.0.0 want: ^6.0.0
1470 silly placeDep ROOT path-exists@4.0.0 OK for: find-up@5.0.0 want: ^4.0.0
1471 silly fetch manifest p-locate@^5.0.0
1472 silly packumentCache full:https://registry.npmjs.org/p-locate cache-miss
1473 http fetch GET 200 https://registry.npmjs.org/p-locate 257ms (cache miss)
1474 silly packumentCache full:https://registry.npmjs.org/p-locate set size:undefined disposed:false
1475 silly placeDep ROOT flatted@3.3.2 OK for: flat-cache@3.2.0 want: ^3.2.9
1476 silly placeDep ROOT keyv@4.5.4 OK for: flat-cache@3.2.0 want: ^4.5.3
1477 silly placeDep ROOT rimraf@3.0.2 OK for: flat-cache@3.2.0 want: ^3.0.2
1478 silly fetch manifest json-buffer@3.0.1
1479 silly packumentCache full:https://registry.npmjs.org/json-buffer cache-miss
1480 silly fetch manifest glob@^7.1.3
1481 silly packumentCache full:https://registry.npmjs.org/glob cache-miss
1482 http fetch GET 200 https://registry.npmjs.org/json-buffer 405ms (cache miss)
1483 silly packumentCache full:https://registry.npmjs.org/json-buffer set size:undefined disposed:false
1484 http fetch GET 200 https://registry.npmjs.org/glob 711ms (cache miss)
1485 silly packumentCache full:https://registry.npmjs.org/glob set size:undefined disposed:false
1486 silly placeDep ROOT functions-have-names@1.2.3 OK for: function.prototype.name@1.1.6 want: ^1.2.3
1487 silly placeDep ROOT resolve-pkg-maps@1.0.0 OK for: get-tsconfig@4.8.1 want: ^1.0.0
1488 silly placeDep ROOT type-fest@0.20.2 OK for: globals@13.24.0 want: ^0.20.2
1489 silly placeDep ROOT parent-module@1.0.1 OK for: import-fresh@3.3.0 want: ^1.0.0
1490 silly placeDep ROOT resolve-from@4.0.0 OK for: import-fresh@3.3.0 want: ^4.0.0
1491 silly fetch manifest callsites@^3.0.0
1492 silly packumentCache full:https://registry.npmjs.org/callsites cache-miss
1493 http fetch GET 200 https://registry.npmjs.org/callsites 294ms (cache miss)
1494 silly packumentCache full:https://registry.npmjs.org/callsites set size:undefined disposed:false
1495 silly placeDep ROOT side-channel@1.0.6 OK for: internal-slot@1.0.7 want: ^1.0.4
1496 silly placeDep ROOT is-extglob@2.1.1 OK for: is-glob@4.0.3 want: ^2.1.1
1497 silly placeDep ROOT reflect.getprototypeof@1.0.7 OK for: iterator.prototype@1.1.3 want: ^1.0.4
1498 silly placeDep ROOT set-function-name@2.0.2 OK for: iterator.prototype@1.1.3 want: ^2.0.1
1499 silly fetch manifest which-builtin-type@^1.1.4
1500 silly packumentCache full:https://registry.npmjs.org/which-builtin-type cache-miss
1501 http fetch GET 200 https://registry.npmjs.org/which-builtin-type 308ms (cache miss)
1502 silly packumentCache full:https://registry.npmjs.org/which-builtin-type set size:undefined disposed:false
1503 silly placeDep ROOT argparse@2.0.1 OK for: js-yaml@4.1.0 want: ^2.0.1
1504 silly placeDep ROOT json-buffer@3.0.1 OK for: keyv@4.5.4 want: 3.0.1
1505 silly placeDep ROOT language-subtag-registry@0.3.23 OK for: language-tags@1.0.9 want: ^0.3.20
1506 silly placeDep ROOT prelude-ls@1.2.1 OK for: levn@0.4.1 want: ^1.2.1
1507 silly placeDep ROOT type-check@0.4.0 OK for: levn@0.4.1 want: ~0.4.0
1508 silly placeDep ROOT p-locate@5.0.0 OK for: locate-path@6.0.0 want: ^5.0.0
1509 silly fetch manifest p-limit@^3.0.2
1510 silly packumentCache full:https://registry.npmjs.org/p-limit cache-miss
1511 http fetch GET 200 https://registry.npmjs.org/p-limit 259ms (cache miss)
1512 silly packumentCache full:https://registry.npmjs.org/p-limit set size:undefined disposed:false
1513 silly placeDep ROOT braces@3.0.3 OK for: micromatch@4.0.8 want: ^3.0.3
1514 silly placeDep ROOT picomatch@2.3.1 OK for: micromatch@4.0.8 want: ^2.3.1
1515 silly fetch manifest fill-range@^7.1.1
1516 silly packumentCache full:https://registry.npmjs.org/fill-range cache-miss
1517 http fetch GET 200 https://registry.npmjs.org/fill-range 239ms (cache miss)
1518 silly packumentCache full:https://registry.npmjs.org/fill-range set size:undefined disposed:false
1519 silly placeDep ROOT fill-range@7.1.1 OK for: braces@3.0.3 want: ^7.1.1
1520 silly fetch manifest to-regex-range@^5.0.1
1521 silly packumentCache full:https://registry.npmjs.org/to-regex-range cache-miss
1522 http fetch GET 200 https://registry.npmjs.org/to-regex-range 266ms (cache miss)
1523 silly packumentCache full:https://registry.npmjs.org/to-regex-range set size:undefined disposed:false
1524 silly placeDep ROOT to-regex-range@5.0.1 OK for: fill-range@7.1.1 want: ^5.0.1
1525 silly fetch manifest is-number@^7.0.0
1526 silly packumentCache full:https://registry.npmjs.org/is-number cache-miss
1527 http fetch GET 200 https://registry.npmjs.org/is-number 515ms (cache miss)
1528 silly packumentCache full:https://registry.npmjs.org/is-number set size:undefined disposed:false
1529 silly placeDep ROOT brace-expansion@1.1.11 OK for: minimatch@3.1.2 want: ^1.1.7
1530 silly fetch manifest balanced-match@^1.0.0
1531 silly packumentCache full:https://registry.npmjs.org/balanced-match cache-miss
1532 silly fetch manifest concat-map@0.0.1
1533 silly packumentCache full:https://registry.npmjs.org/concat-map cache-miss
1534 http fetch GET 200 https://registry.npmjs.org/concat-map 286ms (cache miss)
1535 silly packumentCache full:https://registry.npmjs.org/concat-map set size:undefined disposed:false
1536 http fetch GET 200 https://registry.npmjs.org/balanced-match 291ms (cache miss)
1537 silly packumentCache full:https://registry.npmjs.org/balanced-match set size:undefined disposed:false
1538 silly placeDep ROOT balanced-match@1.0.2 OK for: brace-expansion@1.1.11 want: ^1.0.0
1539 silly placeDep ROOT concat-map@0.0.1 OK for: brace-expansion@1.1.11 want: 0.0.1
1540 silly fetch manifest react@^18.2.0 || 19.0.0-rc-66855b96-20241106
1541 silly packumentCache full:https://registry.npmjs.org/react cache-miss
1542 http fetch GET 200 https://registry.npmjs.org/react 82ms (cache hit)
1543 silly packumentCache full:https://registry.npmjs.org/react set size:5200078 disposed:false
1544 silly placeDep ROOT @next/env@15.0.3 OK for: next@15.0.3 want: 15.0.3
1545 silly placeDep ROOT @next/swc-darwin-arm64@15.0.3 OK for: next@15.0.3 want: 15.0.3
1546 silly placeDep ROOT @next/swc-darwin-x64@15.0.3 OK for: next@15.0.3 want: 15.0.3
1547 silly placeDep ROOT @next/swc-linux-arm64-gnu@15.0.3 OK for: next@15.0.3 want: 15.0.3
1548 silly placeDep ROOT @next/swc-linux-arm64-musl@15.0.3 OK for: next@15.0.3 want: 15.0.3
1549 silly placeDep ROOT @next/swc-linux-x64-gnu@15.0.3 OK for: next@15.0.3 want: 15.0.3
1550 silly placeDep ROOT @next/swc-linux-x64-musl@15.0.3 OK for: next@15.0.3 want: 15.0.3
1551 silly placeDep ROOT @next/swc-win32-arm64-msvc@15.0.3 OK for: next@15.0.3 want: 15.0.3
1552 silly placeDep ROOT @next/swc-win32-x64-msvc@15.0.3 OK for: next@15.0.3 want: 15.0.3
1553 silly placeDep ROOT @swc/counter@0.1.3 OK for: next@15.0.3 want: 0.1.3
1554 silly placeDep ROOT @swc/helpers@0.5.13 OK for: next@15.0.3 want: 0.5.13
1555 silly placeDep ROOT busboy@1.6.0 OK for: next@15.0.3 want: 1.6.0
1556 silly placeDep ROOT caniuse-lite@1.0.30001686 OK for: next@15.0.3 want: ^1.0.30001579
1557 silly placeDep node_modules/next postcss@8.4.31 OK for: next@15.0.3 want: 8.4.31
1558 silly placeDep ROOT sharp@0.33.5 OK for: next@15.0.3 want: ^0.33.5
1559 silly placeDep ROOT styled-jsx@5.1.6 OK for: next@15.0.3 want: 5.1.6
1560 silly fetch manifest tslib@^2.4.0
1561 silly packumentCache full:https://registry.npmjs.org/tslib cache-miss
1562 silly fetch manifest streamsearch@^1.1.0
1563 silly packumentCache full:https://registry.npmjs.org/streamsearch cache-miss
1564 silly fetch manifest nanoid@^3.3.6
1565 silly packumentCache full:https://registry.npmjs.org/nanoid cache-miss
1566 http fetch GET 200 https://registry.npmjs.org/nanoid 61ms (cache hit)
1567 silly packumentCache full:https://registry.npmjs.org/nanoid set size:277592 disposed:false
1568 silly fetch manifest picocolors@^1.0.0
1569 silly packumentCache full:https://registry.npmjs.org/picocolors cache-miss
1570 http fetch GET 200 https://registry.npmjs.org/picocolors 8ms (cache hit)
1571 silly packumentCache full:https://registry.npmjs.org/picocolors set size:16648 disposed:false
1572 silly fetch manifest source-map-js@^1.0.2
1573 silly packumentCache full:https://registry.npmjs.org/source-map-js cache-miss
1574 http fetch GET 200 https://registry.npmjs.org/source-map-js 28ms (cache hit)
1575 silly packumentCache full:https://registry.npmjs.org/source-map-js set size:62640 disposed:false
1576 silly fetch manifest color@^4.2.3
1577 silly packumentCache full:https://registry.npmjs.org/color cache-miss
1578 http fetch GET 200 https://registry.npmjs.org/streamsearch 485ms (cache miss)
1579 silly packumentCache full:https://registry.npmjs.org/streamsearch set size:undefined disposed:false
1580 silly fetch manifest detect-libc@^2.0.3
1581 silly packumentCache full:https://registry.npmjs.org/detect-libc cache-miss
1582 http fetch GET 200 https://registry.npmjs.org/tslib 498ms (cache miss)
1583 silly packumentCache full:https://registry.npmjs.org/tslib set size:undefined disposed:false
1584 silly fetch manifest @img/sharp-wasm32@0.33.5
1585 silly packumentCache full:https://registry.npmjs.org/@img%2fsharp-wasm32 cache-miss
1586 http fetch GET 200 https://registry.npmjs.org/color 399ms (cache miss)
1587 silly packumentCache full:https://registry.npmjs.org/color set size:undefined disposed:false
1588 silly fetch manifest @img/sharp-linux-arm@0.33.5
1589 silly packumentCache full:https://registry.npmjs.org/@img%2fsharp-linux-arm cache-miss
1590 http fetch GET 200 https://registry.npmjs.org/detect-libc 542ms (cache miss)
1591 silly packumentCache full:https://registry.npmjs.org/detect-libc set size:undefined disposed:false
1592 silly fetch manifest @img/sharp-linux-x64@0.33.5
1593 silly packumentCache full:https://registry.npmjs.org/@img%2fsharp-linux-x64 cache-miss
1594 http fetch GET 200 https://registry.npmjs.org/@img%2fsharp-wasm32 536ms (cache miss)
1595 silly packumentCache full:https://registry.npmjs.org/@img%2fsharp-wasm32 set size:undefined disposed:false
1596 silly fetch manifest @img/sharp-win32-x64@0.33.5
1597 silly packumentCache full:https://registry.npmjs.org/@img%2fsharp-win32-x64 cache-miss
1598 http fetch GET 200 https://registry.npmjs.org/@img%2fsharp-linux-arm 538ms (cache miss)
1599 silly packumentCache full:https://registry.npmjs.org/@img%2fsharp-linux-arm set size:undefined disposed:false
1600 silly fetch manifest @img/sharp-darwin-x64@0.33.5
1601 silly packumentCache full:https://registry.npmjs.org/@img%2fsharp-darwin-x64 cache-miss
1602 http fetch GET 200 https://registry.npmjs.org/@img%2fsharp-linux-x64 220ms (cache miss)
1603 silly packumentCache full:https://registry.npmjs.org/@img%2fsharp-linux-x64 set size:undefined disposed:false
1604 silly fetch manifest @img/sharp-win32-ia32@0.33.5
1605 silly packumentCache full:https://registry.npmjs.org/@img%2fsharp-win32-ia32 cache-miss
1606 http fetch GET 200 https://registry.npmjs.org/@img%2fsharp-win32-x64 244ms (cache miss)
1607 silly packumentCache full:https://registry.npmjs.org/@img%2fsharp-win32-x64 set size:undefined disposed:false
1608 silly fetch manifest @img/sharp-linux-arm64@0.33.5
1609 silly packumentCache full:https://registry.npmjs.org/@img%2fsharp-linux-arm64 cache-miss
1610 http fetch GET 200 https://registry.npmjs.org/@img%2fsharp-darwin-x64 263ms (cache miss)
1611 silly packumentCache full:https://registry.npmjs.org/@img%2fsharp-darwin-x64 set size:undefined disposed:false
1612 silly fetch manifest @img/sharp-linux-s390x@0.33.5
1613 silly packumentCache full:https://registry.npmjs.org/@img%2fsharp-linux-s390x cache-miss
1614 http fetch GET 200 https://registry.npmjs.org/@img%2fsharp-win32-ia32 210ms (cache miss)
1615 silly packumentCache full:https://registry.npmjs.org/@img%2fsharp-win32-ia32 set size:undefined disposed:false
1616 silly fetch manifest @img/sharp-darwin-arm64@0.33.5
1617 silly packumentCache full:https://registry.npmjs.org/@img%2fsharp-darwin-arm64 cache-miss
1618 http fetch GET 200 https://registry.npmjs.org/@img%2fsharp-linux-arm64 209ms (cache miss)
1619 silly packumentCache full:https://registry.npmjs.org/@img%2fsharp-linux-arm64 set size:undefined disposed:false
1620 silly fetch manifest @img/sharp-linuxmusl-x64@0.33.5
1621 silly packumentCache full:https://registry.npmjs.org/@img%2fsharp-linuxmusl-x64 cache-miss
1622 http fetch GET 200 https://registry.npmjs.org/@img%2fsharp-linux-s390x 245ms (cache miss)
1623 silly packumentCache full:https://registry.npmjs.org/@img%2fsharp-linux-s390x set size:undefined disposed:false
1624 silly fetch manifest @img/sharp-linuxmusl-arm64@0.33.5
1625 silly packumentCache full:https://registry.npmjs.org/@img%2fsharp-linuxmusl-arm64 cache-miss
1626 http fetch GET 200 https://registry.npmjs.org/@img%2fsharp-darwin-arm64 199ms (cache miss)
1627 silly packumentCache full:https://registry.npmjs.org/@img%2fsharp-darwin-arm64 set size:undefined disposed:false
1628 silly fetch manifest @img/sharp-libvips-linux-arm@1.0.5
1629 silly packumentCache full:https://registry.npmjs.org/@img%2fsharp-libvips-linux-arm cache-miss
1630 http fetch GET 200 https://registry.npmjs.org/@img%2fsharp-linuxmusl-x64 200ms (cache miss)
1631 silly packumentCache full:https://registry.npmjs.org/@img%2fsharp-linuxmusl-x64 set size:undefined disposed:false
1632 silly fetch manifest @img/sharp-libvips-linux-x64@1.0.4
1633 silly packumentCache full:https://registry.npmjs.org/@img%2fsharp-libvips-linux-x64 cache-miss
1634 http fetch GET 200 https://registry.npmjs.org/@img%2fsharp-linuxmusl-arm64 241ms (cache miss)
1635 silly packumentCache full:https://registry.npmjs.org/@img%2fsharp-linuxmusl-arm64 set size:undefined disposed:false
1636 silly fetch manifest @img/sharp-libvips-darwin-x64@1.0.4
1637 silly packumentCache full:https://registry.npmjs.org/@img%2fsharp-libvips-darwin-x64 cache-miss
1638 http fetch GET 200 https://registry.npmjs.org/@img%2fsharp-libvips-linux-arm 274ms (cache miss)
1639 silly packumentCache full:https://registry.npmjs.org/@img%2fsharp-libvips-linux-arm set size:undefined disposed:false
1640 silly fetch manifest @img/sharp-libvips-linux-arm64@1.0.4
1641 silly packumentCache full:https://registry.npmjs.org/@img%2fsharp-libvips-linux-arm64 cache-miss
1642 http fetch GET 200 https://registry.npmjs.org/@img%2fsharp-libvips-linux-x64 259ms (cache miss)
1643 silly packumentCache full:https://registry.npmjs.org/@img%2fsharp-libvips-linux-x64 set size:undefined disposed:false
1644 silly fetch manifest @img/sharp-libvips-linux-s390x@1.0.4
1645 silly packumentCache full:https://registry.npmjs.org/@img%2fsharp-libvips-linux-s390x cache-miss
1646 http fetch GET 200 https://registry.npmjs.org/@img%2fsharp-libvips-darwin-x64 283ms (cache miss)
1647 silly packumentCache full:https://registry.npmjs.org/@img%2fsharp-libvips-darwin-x64 set size:undefined disposed:false
1648 silly fetch manifest @img/sharp-libvips-darwin-arm64@1.0.4
1649 silly packumentCache full:https://registry.npmjs.org/@img%2fsharp-libvips-darwin-arm64 cache-miss
1650 http fetch GET 200 https://registry.npmjs.org/@img%2fsharp-libvips-linux-arm64 210ms (cache miss)
1651 silly packumentCache full:https://registry.npmjs.org/@img%2fsharp-libvips-linux-arm64 set size:undefined disposed:false
1652 silly fetch manifest @img/sharp-libvips-linuxmusl-x64@1.0.4
1653 silly packumentCache full:https://registry.npmjs.org/@img%2fsharp-libvips-linuxmusl-x64 cache-miss
1654 http fetch GET 200 https://registry.npmjs.org/@img%2fsharp-libvips-linux-s390x 223ms (cache miss)
1655 silly packumentCache full:https://registry.npmjs.org/@img%2fsharp-libvips-linux-s390x set size:undefined disposed:false
1656 silly fetch manifest @img/sharp-libvips-linuxmusl-arm64@1.0.4
1657 silly packumentCache full:https://registry.npmjs.org/@img%2fsharp-libvips-linuxmusl-arm64 cache-miss
1658 http fetch GET 200 https://registry.npmjs.org/@img%2fsharp-libvips-darwin-arm64 290ms (cache miss)
1659 silly packumentCache full:https://registry.npmjs.org/@img%2fsharp-libvips-darwin-arm64 set size:undefined disposed:false
1660 silly fetch manifest client-only@0.0.1
1661 silly packumentCache full:https://registry.npmjs.org/client-only cache-miss
1662 http fetch GET 200 https://registry.npmjs.org/@img%2fsharp-libvips-linuxmusl-x64 272ms (cache miss)
1663 silly packumentCache full:https://registry.npmjs.org/@img%2fsharp-libvips-linuxmusl-x64 set size:undefined disposed:false
1664 http fetch GET 200 https://registry.npmjs.org/@img%2fsharp-libvips-linuxmusl-arm64 293ms (cache miss)
1665 silly packumentCache full:https://registry.npmjs.org/@img%2fsharp-libvips-linuxmusl-arm64 set size:undefined disposed:false
1666 http fetch GET 200 https://registry.npmjs.org/client-only 429ms (cache miss)
1667 silly packumentCache full:https://registry.npmjs.org/client-only set size:undefined disposed:false
1668 silly placeDep ROOT tslib@2.8.1 OK for: @swc/helpers@0.5.13 want: ^2.4.0
1669 silly placeDep ROOT streamsearch@1.1.0 OK for: busboy@1.6.0 want: ^1.1.0
1670 silly placeDep ROOT deep-is@0.1.4 OK for: optionator@0.9.4 want: ^0.1.3
1671 silly placeDep ROOT fast-levenshtein@2.0.6 OK for: optionator@0.9.4 want: ^2.0.6
1672 silly placeDep ROOT word-wrap@1.2.5 OK for: optionator@0.9.4 want: ^1.2.5
1673 silly placeDep ROOT p-limit@3.1.0 OK for: p-locate@5.0.0 want: ^3.0.2
1674 silly fetch manifest yocto-queue@^0.1.0
1675 silly packumentCache full:https://registry.npmjs.org/yocto-queue cache-miss
1676 http fetch GET 200 https://registry.npmjs.org/yocto-queue 265ms (cache miss)
1677 silly packumentCache full:https://registry.npmjs.org/yocto-queue set size:undefined disposed:false
1678 silly placeDep ROOT yocto-queue@0.1.0 OK for: p-limit@3.1.0 want: ^0.1.0
1679 silly placeDep ROOT callsites@3.1.0 OK for: parent-module@1.0.1 want: ^3.0.0
1680 silly placeDep ROOT nanoid@3.3.8 OK for: postcss@8.4.49 want: ^3.3.7
1681 silly placeDep ROOT picocolors@1.1.1 OK for: postcss@8.4.49 want: ^1.1.1
1682 silly placeDep ROOT source-map-js@1.2.1 OK for: postcss@8.4.49 want: ^1.2.1
1683 silly placeDep ROOT loose-envify@1.4.0 OK for: prop-types@15.8.1 want: ^1.4.0
1684 silly placeDep ROOT object-assign@4.1.1 OK for: prop-types@15.8.1 want: ^4.1.1
1685 silly placeDep ROOT react-is@16.13.1 OK for: prop-types@15.8.1 want: ^16.13.1
1686 silly fetch manifest js-tokens@^3.0.0 || ^4.0.0
1687 silly packumentCache full:https://registry.npmjs.org/js-tokens cache-miss
1688 http fetch GET 200 https://registry.npmjs.org/js-tokens 252ms (cache miss)
1689 silly packumentCache full:https://registry.npmjs.org/js-tokens set size:undefined disposed:false
1690 silly placeDep ROOT js-tokens@4.0.0 OK for: loose-envify@1.4.0 want: ^3.0.0 || ^4.0.0
1691 silly placeDep ROOT scheduler@0.25.0-rc-66855b96-20241106 OK for: react-dom@19.0.0-rc-66855b96-20241106 want: 0.25.0-rc-66855b96-20241106
1692 silly placeDep ROOT which-builtin-type@1.2.0 OK for: reflect.getprototypeof@1.0.7 want: ^1.1.4
1693 silly fetch manifest is-async-function@^2.0.0
1694 silly packumentCache full:https://registry.npmjs.org/is-async-function cache-miss
1695 silly fetch manifest is-finalizationregistry@^1.1.0
1696 silly packumentCache full:https://registry.npmjs.org/is-finalizationregistry cache-miss
1697 silly fetch manifest is-generator-function@^1.0.10
1698 silly packumentCache full:https://registry.npmjs.org/is-generator-function cache-miss
1699 http fetch GET 200 https://registry.npmjs.org/is-generator-function 287ms (cache miss)
1700 silly packumentCache full:https://registry.npmjs.org/is-generator-function set size:undefined disposed:false
1701 silly fetch manifest which-collection@^1.0.2
1702 silly packumentCache full:https://registry.npmjs.org/which-collection cache-miss
1703 http fetch GET 200 https://registry.npmjs.org/is-async-function 302ms (cache miss)
1704 silly packumentCache full:https://registry.npmjs.org/is-async-function set size:undefined disposed:false
1705 http fetch GET 200 https://registry.npmjs.org/is-finalizationregistry 301ms (cache miss)
1706 silly packumentCache full:https://registry.npmjs.org/is-finalizationregistry set size:undefined disposed:false
1707 http fetch GET 200 https://registry.npmjs.org/which-collection 279ms (cache miss)
1708 silly packumentCache full:https://registry.npmjs.org/which-collection set size:undefined disposed:false
1709 silly placeDep ROOT path-parse@1.0.7 OK for: resolve@1.22.8 want: ^1.0.7
1710 silly placeDep ROOT supports-preserve-symlinks-flag@1.0.0 OK for: resolve@1.22.8 want: ^1.0.0
1711 silly placeDep ROOT glob@7.2.3 OK for: rimraf@3.0.2 want: ^7.1.3
1712 silly fetch manifest once@^1.3.0
1713 silly packumentCache full:https://registry.npmjs.org/once cache-miss
1714 silly fetch manifest inflight@^1.0.4
1715 silly packumentCache full:https://registry.npmjs.org/inflight cache-miss
1716 silly fetch manifest inherits@2
1717 silly packumentCache full:https://registry.npmjs.org/inherits cache-miss
1718 http fetch GET 200 https://registry.npmjs.org/inflight 303ms (cache miss)
1719 silly packumentCache full:https://registry.npmjs.org/inflight set size:undefined disposed:false
1720 silly fetch manifest fs.realpath@^1.0.0
1721 silly packumentCache full:https://registry.npmjs.org/fs.realpath cache-miss
1722 http fetch GET 200 https://registry.npmjs.org/inherits 321ms (cache miss)
1723 silly packumentCache full:https://registry.npmjs.org/inherits set size:undefined disposed:false
1724 silly fetch manifest path-is-absolute@^1.0.0
1725 silly packumentCache full:https://registry.npmjs.org/path-is-absolute cache-miss
1726 http fetch GET 200 https://registry.npmjs.org/once 330ms (cache miss)
1727 silly packumentCache full:https://registry.npmjs.org/once set size:undefined disposed:false
1728 http fetch GET 200 https://registry.npmjs.org/path-is-absolute 259ms (cache miss)
1729 silly packumentCache full:https://registry.npmjs.org/path-is-absolute set size:undefined disposed:false
1730 http fetch GET 200 https://registry.npmjs.org/fs.realpath 278ms (cache miss)
1731 silly packumentCache full:https://registry.npmjs.org/fs.realpath set size:undefined disposed:false
1732 silly placeDep ROOT fs.realpath@1.0.0 OK for: glob@7.2.3 want: ^1.0.0
1733 silly placeDep ROOT inflight@1.0.6 OK for: glob@7.2.3 want: ^1.0.4
1734 silly placeDep ROOT inherits@2.0.4 OK for: glob@7.2.3 want: 2
1735 silly placeDep ROOT once@1.4.0 OK for: glob@7.2.3 want: ^1.3.0
1736 silly placeDep ROOT path-is-absolute@1.0.1 OK for: glob@7.2.3 want: ^1.0.0
1737 silly fetch manifest wrappy@1
1738 silly packumentCache full:https://registry.npmjs.org/wrappy cache-miss
1739 silly fetch manifest wrappy@1
1740 silly packumentCache full:https://registry.npmjs.org/wrappy cache-miss
1741 http fetch GET 200 https://registry.npmjs.org/wrappy 295ms (cache miss)
1742 silly packumentCache full:https://registry.npmjs.org/wrappy set size:undefined disposed:false
1743 http fetch GET 200 https://registry.npmjs.org/wrappy 299ms (cache miss)
1744 silly packumentCache full:https://registry.npmjs.org/wrappy set size:undefined disposed:false
1745 silly placeDep ROOT wrappy@1.0.2 OK for: inflight@1.0.6 want: 1
1746 silly placeDep ROOT queue-microtask@1.2.3 OK for: run-parallel@1.2.0 want: ^1.2.2
1747 silly placeDep ROOT isarray@2.0.5 OK for: safe-array-concat@1.1.2 want: ^2.0.5
1748 silly placeDep ROOT @img/sharp-darwin-arm64@0.33.5 OK for: sharp@0.33.5 want: 0.33.5
1749 silly placeDep ROOT @img/sharp-darwin-x64@0.33.5 OK for: sharp@0.33.5 want: 0.33.5
1750 silly placeDep ROOT @img/sharp-libvips-darwin-arm64@1.0.4 OK for: sharp@0.33.5 want: 1.0.4
1751 silly placeDep ROOT @img/sharp-libvips-darwin-x64@1.0.4 OK for: sharp@0.33.5 want: 1.0.4
1752 silly placeDep ROOT @img/sharp-libvips-linux-arm@1.0.5 OK for: sharp@0.33.5 want: 1.0.5
1753 silly placeDep ROOT @img/sharp-libvips-linux-arm64@1.0.4 OK for: sharp@0.33.5 want: 1.0.4
1754 silly placeDep ROOT @img/sharp-libvips-linux-s390x@1.0.4 OK for: sharp@0.33.5 want: 1.0.4
1755 silly placeDep ROOT @img/sharp-libvips-linux-x64@1.0.4 OK for: sharp@0.33.5 want: 1.0.4
1756 silly placeDep ROOT @img/sharp-libvips-linuxmusl-arm64@1.0.4 OK for: sharp@0.33.5 want: 1.0.4
1757 silly placeDep ROOT @img/sharp-libvips-linuxmusl-x64@1.0.4 OK for: sharp@0.33.5 want: 1.0.4
1758 silly placeDep ROOT @img/sharp-linux-arm@0.33.5 OK for: sharp@0.33.5 want: 0.33.5
1759 silly placeDep ROOT @img/sharp-linux-arm64@0.33.5 OK for: sharp@0.33.5 want: 0.33.5
1760 silly placeDep ROOT @img/sharp-linux-s390x@0.33.5 OK for: sharp@0.33.5 want: 0.33.5
1761 silly placeDep ROOT @img/sharp-linux-x64@0.33.5 OK for: sharp@0.33.5 want: 0.33.5
1762 silly placeDep ROOT @img/sharp-linuxmusl-arm64@0.33.5 OK for: sharp@0.33.5 want: 0.33.5
1763 silly placeDep ROOT @img/sharp-linuxmusl-x64@0.33.5 OK for: sharp@0.33.5 want: 0.33.5
1764 silly placeDep ROOT @img/sharp-wasm32@0.33.5 OK for: sharp@0.33.5 want: 0.33.5
1765 silly placeDep ROOT @img/sharp-win32-ia32@0.33.5 OK for: sharp@0.33.5 want: 0.33.5
1766 silly placeDep ROOT @img/sharp-win32-x64@0.33.5 OK for: sharp@0.33.5 want: 0.33.5
1767 silly placeDep ROOT color@4.2.3 OK for: sharp@0.33.5 want: ^4.2.3
1768 silly placeDep ROOT detect-libc@2.0.3 OK for: sharp@0.33.5 want: ^2.0.3
1769 silly fetch manifest @emnapi/runtime@^1.2.0
1770 silly packumentCache full:https://registry.npmjs.org/@emnapi%2fruntime cache-miss
1771 silly fetch manifest color-string@^1.9.0
1772 silly packumentCache full:https://registry.npmjs.org/color-string cache-miss
1773 http fetch GET 200 https://registry.npmjs.org/@emnapi%2fruntime 379ms (cache miss)
1774 silly packumentCache full:https://registry.npmjs.org/@emnapi%2fruntime set size:undefined disposed:false
1775 http fetch GET 200 https://registry.npmjs.org/color-string 416ms (cache miss)
1776 silly packumentCache full:https://registry.npmjs.org/color-string set size:undefined disposed:false
1777 silly placeDep ROOT @emnapi/runtime@1.3.1 OK for: @img/sharp-wasm32@0.33.5 want: ^1.2.0
1778 silly placeDep ROOT color-string@1.9.1 OK for: color@4.2.3 want: ^1.9.0
1779 silly fetch manifest simple-swizzle@^0.2.2
1780 silly packumentCache full:https://registry.npmjs.org/simple-swizzle cache-miss
1781 http fetch GET 200 https://registry.npmjs.org/simple-swizzle 327ms (cache miss)
1782 silly packumentCache full:https://registry.npmjs.org/simple-swizzle set size:undefined disposed:false
1783 silly placeDep ROOT simple-swizzle@0.2.2 OK for: color-string@1.9.1 want: ^0.2.2
1784 silly fetch manifest is-arrayish@^0.3.1
1785 silly packumentCache full:https://registry.npmjs.org/is-arrayish cache-miss
1786 http fetch GET 200 https://registry.npmjs.org/is-arrayish 321ms (cache miss)
1787 silly packumentCache full:https://registry.npmjs.org/is-arrayish set size:undefined disposed:false
1788 silly placeDep ROOT shebang-regex@3.0.0 OK for: shebang-command@2.0.0 want: ^3.0.0
1789 silly placeDep ROOT is-arrayish@0.3.2 OK for: simple-swizzle@0.2.2 want: ^0.3.1
1790 silly placeDep ROOT ansi-regex@5.0.1 OK for: strip-ansi@6.0.1 want: ^5.0.1
1791 silly placeDep ROOT client-only@0.0.1 OK for: styled-jsx@5.1.6 want: 0.0.1
1792 silly placeDep ROOT has-flag@4.0.0 OK for: supports-color@7.2.0 want: ^4.0.0
1793 silly fetch manifest postcss@^8.4.47
1794 silly packumentCache full:https://registry.npmjs.org/postcss cache-hit
1795 silly fetch manifest ts-node@>=9.0.0
1796 silly packumentCache full:https://registry.npmjs.org/ts-node cache-miss
1797 http fetch GET 200 https://registry.npmjs.org/ts-node 781ms (cache miss)
1798 silly packumentCache full:https://registry.npmjs.org/ts-node set size:undefined disposed:false
1799 silly fetch manifest @swc/core@>=1.2.50
1800 silly packumentCache full:https://registry.npmjs.org/@swc%2fcore cache-miss
1801 http fetch GET 200 https://registry.npmjs.org/@swc%2fcore 2868ms (cache miss)
1802 silly packumentCache full:https://registry.npmjs.org/@swc%2fcore set size:undefined disposed:false
1803 silly fetch manifest @swc/helpers@*
1804 silly packumentCache full:https://registry.npmjs.org/@swc%2fhelpers cache-miss
1805 http fetch GET 200 https://registry.npmjs.org/@swc%2fhelpers 13ms (cache hit)
1806 silly packumentCache full:https://registry.npmjs.org/@swc%2fhelpers set size:608609 disposed:false
1807 silly fetch manifest @swc/wasm@>=1.2.50
1808 silly packumentCache full:https://registry.npmjs.org/@swc%2fwasm cache-miss
1809 http fetch GET 200 https://registry.npmjs.org/@swc%2fwasm 1973ms (cache miss)
1810 silly packumentCache full:https://registry.npmjs.org/@swc%2fwasm set size:undefined disposed:false
1811 silly fetch manifest @types/node@*
1812 silly packumentCache full:https://registry.npmjs.org/@types%2fnode cache-miss
1813 http fetch GET 200 https://registry.npmjs.org/@types%2fnode 33ms (cache hit)
1814 silly packumentCache full:https://registry.npmjs.org/@types%2fnode set size:9446085 disposed:false
1815 silly fetch manifest typescript@>=2.7
1816 silly packumentCache full:https://registry.npmjs.org/typescript cache-miss
1817 http fetch GET 200 https://registry.npmjs.org/typescript 92ms (cache hit)
1818 silly packumentCache full:https://registry.npmjs.org/typescript set size:13544997 disposed:false
1819 silly placeDep ROOT @alloc/quick-lru@5.2.0 OK for: tailwindcss@3.4.16 want: ^5.2.0
1820 silly placeDep ROOT arg@5.0.2 OK for: tailwindcss@3.4.16 want: ^5.0.2
1821 silly placeDep ROOT chokidar@3.6.0 OK for: tailwindcss@3.4.16 want: ^3.6.0
1822 silly placeDep ROOT didyoumean@1.2.2 OK for: tailwindcss@3.4.16 want: ^1.2.2
1823 silly placeDep ROOT dlv@1.1.3 OK for: tailwindcss@3.4.16 want: ^1.1.3
1824 silly placeDep node_modules/tailwindcss fast-glob@3.3.2 OK for: tailwindcss@3.4.16 want: ^3.3.2
1825 silly placeDep ROOT jiti@1.21.6 OK for: tailwindcss@3.4.16 want: ^1.21.6
1826 silly placeDep ROOT lilconfig@3.1.3 OK for: tailwindcss@3.4.16 want: ^3.1.3
1827 silly placeDep ROOT normalize-path@3.0.0 OK for: tailwindcss@3.4.16 want: ^3.0.0
1828 silly placeDep ROOT object-hash@3.0.0 OK for: tailwindcss@3.4.16 want: ^3.0.0
1829 silly placeDep ROOT postcss-import@15.1.0 OK for: tailwindcss@3.4.16 want: ^15.1.0
1830 silly placeDep ROOT postcss-js@4.0.1 OK for: tailwindcss@3.4.16 want: ^4.0.1
1831 silly placeDep ROOT postcss-load-config@4.0.2 OK for: tailwindcss@3.4.16 want: ^4.0.2
1832 silly placeDep ROOT postcss-nested@6.2.0 OK for: tailwindcss@3.4.16 want: ^6.2.0
1833 silly placeDep ROOT postcss-selector-parser@6.1.2 OK for: tailwindcss@3.4.16 want: ^6.1.2
1834 silly placeDep ROOT sucrase@3.35.0 OK for: tailwindcss@3.4.16 want: ^3.35.0
1835 silly fetch manifest anymatch@~3.1.2
1836 silly packumentCache full:https://registry.npmjs.org/anymatch cache-miss
1837 silly fetch manifest readdirp@~3.6.0
1838 silly packumentCache full:https://registry.npmjs.org/readdirp cache-miss
1839 silly fetch manifest glob-parent@~5.1.2
1840 silly packumentCache full:https://registry.npmjs.org/glob-parent cache-hit
1841 silly fetch manifest is-binary-path@~2.1.0
1842 silly packumentCache full:https://registry.npmjs.org/is-binary-path cache-miss
1843 http fetch GET 200 https://registry.npmjs.org/readdirp 393ms (cache miss)
1844 silly packumentCache full:https://registry.npmjs.org/readdirp set size:undefined disposed:false
1845 silly fetch manifest normalize-path@~3.0.0
1846 silly packumentCache full:https://registry.npmjs.org/normalize-path cache-miss
1847 http fetch GET 200 https://registry.npmjs.org/is-binary-path 412ms (cache miss)
1848 silly packumentCache full:https://registry.npmjs.org/is-binary-path set size:undefined disposed:false
1849 silly fetch manifest fsevents@~2.3.2
1850 silly packumentCache full:https://registry.npmjs.org/fsevents cache-miss
1851 http fetch GET 200 https://registry.npmjs.org/normalize-path 20ms (cache hit)
1852 silly packumentCache full:https://registry.npmjs.org/normalize-path set size:28713 disposed:false
1853 silly fetch manifest postcss-value-parser@^4.0.0
1854 silly packumentCache full:https://registry.npmjs.org/postcss-value-parser cache-miss
1855 http fetch GET 200 https://registry.npmjs.org/anymatch 432ms (cache miss)
1856 silly packumentCache full:https://registry.npmjs.org/anymatch set size:undefined disposed:false
1857 silly fetch manifest read-cache@^1.0.0
1858 silly packumentCache full:https://registry.npmjs.org/read-cache cache-miss
1859 http fetch GET 200 https://registry.npmjs.org/read-cache 362ms (cache miss)
1860 silly packumentCache full:https://registry.npmjs.org/read-cache set size:undefined disposed:false
1861 silly fetch manifest camelcase-css@^2.0.1
1862 silly packumentCache full:https://registry.npmjs.org/camelcase-css cache-miss
1863 http fetch GET 200 https://registry.npmjs.org/fsevents 409ms (cache miss)
1864 silly packumentCache full:https://registry.npmjs.org/fsevents set size:undefined disposed:false
1865 silly fetch manifest yaml@^2.3.4
1866 silly packumentCache full:https://registry.npmjs.org/yaml cache-miss
1867 http fetch GET 200 https://registry.npmjs.org/postcss-value-parser 450ms (cache miss)
1868 silly packumentCache full:https://registry.npmjs.org/postcss-value-parser set size:undefined disposed:false
1869 silly fetch manifest postcss-selector-parser@^6.1.1
1870 silly packumentCache full:https://registry.npmjs.org/postcss-selector-parser cache-miss
1871 http fetch GET 200 https://registry.npmjs.org/postcss-selector-parser 13ms (cache hit)
1872 silly packumentCache full:https://registry.npmjs.org/postcss-selector-parser set size:171230 disposed:false
1873 silly fetch manifest cssesc@^3.0.0
1874 silly packumentCache full:https://registry.npmjs.org/cssesc cache-miss
1875 http fetch GET 200 https://registry.npmjs.org/camelcase-css 507ms (cache miss)
1876 silly packumentCache full:https://registry.npmjs.org/camelcase-css set size:undefined disposed:false
1877 silly fetch manifest util-deprecate@^1.0.2
1878 silly packumentCache full:https://registry.npmjs.org/util-deprecate cache-miss
1879 http fetch GET 200 https://registry.npmjs.org/yaml 502ms (cache miss)
1880 silly packumentCache full:https://registry.npmjs.org/yaml set size:undefined disposed:false
1881 silly fetch manifest @jridgewell/gen-mapping@^0.3.2
1882 silly packumentCache full:https://registry.npmjs.org/@jridgewell%2fgen-mapping cache-miss
1883 http fetch GET 200 https://registry.npmjs.org/cssesc 448ms (cache miss)
1884 silly packumentCache full:https://registry.npmjs.org/cssesc set size:undefined disposed:false
1885 silly fetch manifest commander@^4.0.0
1886 silly packumentCache full:https://registry.npmjs.org/commander cache-miss
1887 http fetch GET 200 https://registry.npmjs.org/util-deprecate 302ms (cache miss)
1888 silly packumentCache full:https://registry.npmjs.org/util-deprecate set size:undefined disposed:false
1889 silly fetch manifest glob@^10.3.10
1890 silly packumentCache full:https://registry.npmjs.org/glob cache-miss
1891 http fetch GET 200 https://registry.npmjs.org/@jridgewell%2fgen-mapping 272ms (cache miss)
1892 silly packumentCache full:https://registry.npmjs.org/@jridgewell%2fgen-mapping set size:undefined disposed:false
1893 silly fetch manifest lines-and-columns@^1.1.6
1894 silly packumentCache full:https://registry.npmjs.org/lines-and-columns cache-miss
1895 http fetch GET 200 https://registry.npmjs.org/glob 81ms (cache hit)
1896 silly packumentCache full:https://registry.npmjs.org/glob set size:430869 disposed:false
1897 silly fetch manifest mz@^2.7.0
1898 silly packumentCache full:https://registry.npmjs.org/mz cache-miss
1899 http fetch GET 200 https://registry.npmjs.org/lines-and-columns 353ms (cache miss)
1900 silly packumentCache full:https://registry.npmjs.org/lines-and-columns set size:undefined disposed:false
1901 silly fetch manifest pirates@^4.0.1
1902 silly packumentCache full:https://registry.npmjs.org/pirates cache-miss
1903 http fetch GET 200 https://registry.npmjs.org/mz 349ms (cache miss)
1904 silly packumentCache full:https://registry.npmjs.org/mz set size:undefined disposed:false
1905 silly fetch manifest ts-interface-checker@^0.1.9
1906 silly packumentCache full:https://registry.npmjs.org/ts-interface-checker cache-miss
1907 http fetch GET 200 https://registry.npmjs.org/pirates 342ms (cache miss)
1908 silly packumentCache full:https://registry.npmjs.org/pirates set size:undefined disposed:false
1909 http fetch GET 200 https://registry.npmjs.org/ts-interface-checker 283ms (cache miss)
1910 silly packumentCache full:https://registry.npmjs.org/ts-interface-checker set size:undefined disposed:false
1911 http fetch GET 200 https://registry.npmjs.org/commander 1363ms (cache miss)
1912 silly packumentCache full:https://registry.npmjs.org/commander set size:undefined disposed:false
1913 silly placeDep ROOT anymatch@3.1.3 OK for: chokidar@3.6.0 want: ~3.1.2
1914 silly placeDep ROOT fsevents@2.3.3 OK for: chokidar@3.6.0 want: ~2.3.2
1915 silly placeDep node_modules/chokidar glob-parent@5.1.2 OK for: chokidar@3.6.0 want: ~5.1.2
1916 silly placeDep ROOT is-binary-path@2.1.0 OK for: chokidar@3.6.0 want: ~2.1.0
1917 silly placeDep ROOT readdirp@3.6.0 OK for: chokidar@3.6.0 want: ~3.6.0
1918 silly fetch manifest binary-extensions@^2.0.0
1919 silly packumentCache full:https://registry.npmjs.org/binary-extensions cache-miss
1920 http fetch GET 200 https://registry.npmjs.org/binary-extensions 283ms (cache miss)
1921 silly packumentCache full:https://registry.npmjs.org/binary-extensions set size:undefined disposed:false
1922 silly placeDep ROOT binary-extensions@2.3.0 OK for: is-binary-path@2.1.0 want: ^2.0.0
1923 silly placeDep ROOT postcss-value-parser@4.2.0 OK for: postcss-import@15.1.0 want: ^4.0.0
1924 silly placeDep ROOT read-cache@1.0.0 OK for: postcss-import@15.1.0 want: ^1.0.0
1925 silly fetch manifest pify@^2.3.0
1926 silly packumentCache full:https://registry.npmjs.org/pify cache-miss
1927 http fetch GET 200 https://registry.npmjs.org/pify 289ms (cache miss)
1928 silly packumentCache full:https://registry.npmjs.org/pify set size:undefined disposed:false
1929 silly placeDep ROOT camelcase-css@2.0.1 OK for: postcss-js@4.0.1 want: ^2.0.1
1930 silly placeDep ROOT yaml@2.6.1 OK for: postcss-load-config@4.0.2 want: ^2.3.4
1931 silly placeDep ROOT cssesc@3.0.0 OK for: postcss-selector-parser@6.1.2 want: ^3.0.0
1932 silly placeDep ROOT util-deprecate@1.0.2 OK for: postcss-selector-parser@6.1.2 want: ^1.0.2
1933 silly placeDep ROOT pify@2.3.0 OK for: read-cache@1.0.0 want: ^2.3.0
1934 silly placeDep ROOT @jridgewell/gen-mapping@0.3.5 OK for: sucrase@3.35.0 want: ^0.3.2
1935 silly placeDep ROOT commander@4.1.1 OK for: sucrase@3.35.0 want: ^4.0.0
1936 silly placeDep node_modules/sucrase glob@10.4.5 OK for: sucrase@3.35.0 want: ^10.3.10
1937 silly placeDep ROOT lines-and-columns@1.2.4 OK for: sucrase@3.35.0 want: ^1.1.6
1938 silly placeDep ROOT mz@2.7.0 OK for: sucrase@3.35.0 want: ^2.7.0
1939 silly placeDep ROOT pirates@4.0.6 OK for: sucrase@3.35.0 want: ^4.0.1
1940 silly placeDep ROOT ts-interface-checker@0.1.13 OK for: sucrase@3.35.0 want: ^0.1.9
1941 silly fetch manifest @jridgewell/set-array@^1.2.1
1942 silly packumentCache full:https://registry.npmjs.org/@jridgewell%2fset-array cache-miss
1943 silly fetch manifest @jridgewell/trace-mapping@^0.3.24
1944 silly packumentCache full:https://registry.npmjs.org/@jridgewell%2ftrace-mapping cache-miss
1945 silly fetch manifest @jridgewell/sourcemap-codec@^1.4.10
1946 silly packumentCache full:https://registry.npmjs.org/@jridgewell%2fsourcemap-codec cache-miss
1947 http fetch GET 200 https://registry.npmjs.org/@jridgewell%2fsourcemap-codec 524ms (cache miss)
1948 silly packumentCache full:https://registry.npmjs.org/@jridgewell%2fsourcemap-codec set size:undefined disposed:false
1949 silly fetch manifest minipass@^7.1.2
1950 silly packumentCache full:https://registry.npmjs.org/minipass cache-miss
1951 http fetch GET 200 https://registry.npmjs.org/@jridgewell%2fset-array 540ms (cache miss)
1952 silly packumentCache full:https://registry.npmjs.org/@jridgewell%2fset-array set size:undefined disposed:false
1953 silly fetch manifest jackspeak@^3.1.2
1954 silly packumentCache full:https://registry.npmjs.org/jackspeak cache-miss
1955 http fetch GET 200 https://registry.npmjs.org/@jridgewell%2ftrace-mapping 698ms (cache miss)
1956 silly packumentCache full:https://registry.npmjs.org/@jridgewell%2ftrace-mapping set size:undefined disposed:false
1957 silly fetch manifest path-scurry@^1.11.1
1958 silly packumentCache full:https://registry.npmjs.org/path-scurry cache-miss
1959 http fetch GET 200 https://registry.npmjs.org/minipass 732ms (cache miss)
1960 silly packumentCache full:https://registry.npmjs.org/minipass set size:undefined disposed:false
1961 silly fetch manifest foreground-child@^3.1.0
1962 silly packumentCache full:https://registry.npmjs.org/foreground-child cache-miss
1963 http fetch GET 200 https://registry.npmjs.org/jackspeak 916ms (cache miss)
1964 silly packumentCache full:https://registry.npmjs.org/jackspeak set size:undefined disposed:false
1965 silly fetch manifest package-json-from-dist@^1.0.0
1966 silly packumentCache full:https://registry.npmjs.org/package-json-from-dist cache-miss
1967 http fetch GET 200 https://registry.npmjs.org/path-scurry 870ms (cache miss)
1968 silly packumentCache full:https://registry.npmjs.org/path-scurry set size:undefined disposed:false
1969 silly fetch manifest any-promise@^1.0.0
1970 silly packumentCache full:https://registry.npmjs.org/any-promise cache-miss
1971 http fetch GET 200 https://registry.npmjs.org/foreground-child 388ms (cache miss)
1972 silly packumentCache full:https://registry.npmjs.org/foreground-child set size:undefined disposed:false
1973 silly fetch manifest thenify-all@^1.0.0
1974 silly packumentCache full:https://registry.npmjs.org/thenify-all cache-miss
1975 http fetch GET 200 https://registry.npmjs.org/package-json-from-dist 209ms (cache miss)
1976 silly packumentCache full:https://registry.npmjs.org/package-json-from-dist set size:undefined disposed:false
1977 http fetch GET 200 https://registry.npmjs.org/any-promise 345ms (cache miss)
1978 silly packumentCache full:https://registry.npmjs.org/any-promise set size:undefined disposed:false
1979 http fetch GET 200 https://registry.npmjs.org/thenify-all 267ms (cache miss)
1980 silly packumentCache full:https://registry.npmjs.org/thenify-all set size:undefined disposed:false
1981 silly placeDep ROOT @jridgewell/set-array@1.2.1 OK for: @jridgewell/gen-mapping@0.3.5 want: ^1.2.1
1982 silly placeDep ROOT @jridgewell/sourcemap-codec@1.5.0 OK for: @jridgewell/gen-mapping@0.3.5 want: ^1.4.10
1983 silly placeDep ROOT @jridgewell/trace-mapping@0.3.25 OK for: @jridgewell/gen-mapping@0.3.5 want: ^0.3.24
1984 silly fetch manifest @jridgewell/resolve-uri@^3.1.0
1985 silly packumentCache full:https://registry.npmjs.org/@jridgewell%2fresolve-uri cache-miss
1986 http fetch GET 200 https://registry.npmjs.org/@jridgewell%2fresolve-uri 318ms (cache miss)
1987 silly packumentCache full:https://registry.npmjs.org/@jridgewell%2fresolve-uri set size:undefined disposed:false
1988 silly placeDep ROOT @jridgewell/resolve-uri@3.1.2 OK for: @jridgewell/trace-mapping@0.3.25 want: ^3.1.0
1989 silly placeDep ROOT any-promise@1.3.0 OK for: mz@2.7.0 want: ^1.0.0
1990 silly placeDep ROOT thenify-all@1.6.0 OK for: mz@2.7.0 want: ^1.0.0
1991 silly fetch manifest thenify@>= 3.1.0 < 4
1992 silly packumentCache full:https://registry.npmjs.org/thenify cache-miss
1993 http fetch GET 200 https://registry.npmjs.org/thenify 413ms (cache miss)
1994 silly packumentCache full:https://registry.npmjs.org/thenify set size:undefined disposed:false
1995 silly placeDep ROOT thenify@3.3.1 OK for: thenify-all@1.6.0 want: >= 3.1.0 < 4
1996 silly placeDep ROOT is-number@7.0.0 OK for: to-regex-range@5.0.1 want: ^7.0.0
1997 silly placeDep ROOT @types/json5@0.0.29 OK for: tsconfig-paths@3.15.0 want: ^0.0.29
1998 silly placeDep ROOT json5@1.0.2 OK for: tsconfig-paths@3.15.0 want: ^1.0.2
1999 silly placeDep ROOT minimist@1.2.8 OK for: tsconfig-paths@3.15.0 want: ^1.2.6
2000 silly placeDep ROOT strip-bom@3.0.0 OK for: tsconfig-paths@3.15.0 want: ^3.0.0
2001 silly fetch manifest minimist@^1.2.0
2002 silly packumentCache full:https://registry.npmjs.org/minimist cache-miss
2003 http fetch GET 200 https://registry.npmjs.org/minimist 69ms (cache hit)
2004 silly packumentCache full:https://registry.npmjs.org/minimist set size:77097 disposed:false
2005 silly placeDep ROOT for-each@0.3.3 OK for: typed-array-byte-length@1.0.1 want: ^0.3.3
2006 silly placeDep ROOT has-bigints@1.0.2 OK for: unbox-primitive@1.0.2 want: ^1.0.2
2007 silly placeDep ROOT which-boxed-primitive@1.1.0 OK for: unbox-primitive@1.0.2 want: ^1.0.2
2008 silly fetch manifest is-bigint@^1.1.0
2009 silly packumentCache full:https://registry.npmjs.org/is-bigint cache-miss
2010 silly fetch manifest is-boolean-object@^1.2.0
2011 silly packumentCache full:https://registry.npmjs.org/is-boolean-object cache-miss
2012 silly fetch manifest is-number-object@^1.1.0
2013 silly packumentCache full:https://registry.npmjs.org/is-number-object cache-miss
2014 http fetch GET 200 https://registry.npmjs.org/is-bigint 370ms (cache miss)
2015 silly packumentCache full:https://registry.npmjs.org/is-bigint set size:undefined disposed:false
2016 http fetch GET 200 https://registry.npmjs.org/is-number-object 452ms (cache miss)
2017 silly packumentCache full:https://registry.npmjs.org/is-number-object set size:undefined disposed:false
2018 http fetch GET 200 https://registry.npmjs.org/is-boolean-object 498ms (cache miss)
2019 silly packumentCache full:https://registry.npmjs.org/is-boolean-object set size:undefined disposed:false
2020 silly placeDep ROOT punycode@2.3.1 OK for: uri-js@4.4.1 want: ^2.1.0
2021 silly placeDep ROOT isexe@2.0.0 OK for: which@2.0.2 want: ^2.0.0
2022 silly placeDep ROOT is-bigint@1.1.0 OK for: which-boxed-primitive@1.1.0 want: ^1.1.0
2023 silly placeDep ROOT is-boolean-object@1.2.0 OK for: which-boxed-primitive@1.1.0 want: ^1.2.0
2024 silly placeDep ROOT is-number-object@1.1.0 OK for: which-boxed-primitive@1.1.0 want: ^1.1.0
2025 silly placeDep ROOT is-async-function@2.0.0 OK for: which-builtin-type@1.2.0 want: ^2.0.0
2026 silly placeDep ROOT is-finalizationregistry@1.1.0 OK for: which-builtin-type@1.2.0 want: ^1.1.0
2027 silly placeDep ROOT is-generator-function@1.0.10 OK for: which-builtin-type@1.2.0 want: ^1.0.10
2028 silly placeDep ROOT which-collection@1.0.2 OK for: which-builtin-type@1.2.0 want: ^1.0.2
2029 silly fetch manifest is-map@^2.0.3
2030 silly packumentCache full:https://registry.npmjs.org/is-map cache-miss
2031 silly fetch manifest is-set@^2.0.3
2032 silly packumentCache full:https://registry.npmjs.org/is-set cache-miss
2033 silly fetch manifest is-weakmap@^2.0.2
2034 silly packumentCache full:https://registry.npmjs.org/is-weakmap cache-miss
2035 http fetch GET 200 https://registry.npmjs.org/is-map 440ms (cache miss)
2036 silly packumentCache full:https://registry.npmjs.org/is-map set size:undefined disposed:false
2037 silly fetch manifest is-weakset@^2.0.3
2038 silly packumentCache full:https://registry.npmjs.org/is-weakset cache-miss
2039 http fetch GET 200 https://registry.npmjs.org/is-weakmap 494ms (cache miss)
2040 silly packumentCache full:https://registry.npmjs.org/is-weakmap set size:undefined disposed:false
2041 http fetch GET 200 https://registry.npmjs.org/is-set 556ms (cache miss)
2042 silly packumentCache full:https://registry.npmjs.org/is-set set size:undefined disposed:false
2043 http fetch GET 200 https://registry.npmjs.org/is-weakset 652ms (cache miss)
2044 silly packumentCache full:https://registry.npmjs.org/is-weakset set size:undefined disposed:false
2045 silly placeDep ROOT is-map@2.0.3 OK for: which-collection@1.0.2 want: ^2.0.3
2046 silly placeDep ROOT is-set@2.0.3 OK for: which-collection@1.0.2 want: ^2.0.3
2047 silly placeDep ROOT is-weakmap@2.0.2 OK for: which-collection@1.0.2 want: ^2.0.2
2048 silly placeDep ROOT is-weakset@2.0.3 OK for: which-collection@1.0.2 want: ^2.0.3
2049 silly placeDep node_modules/@typescript-eslint/typescript-estree glob-parent@5.1.2 OK for: fast-glob@3.3.2 want: ^5.1.2
2050 silly placeDep node_modules/@typescript-eslint/typescript-estree brace-expansion@2.0.1 OK for: minimatch@9.0.5 want: ^2.0.1
2051 silly placeDep node_modules/eslint-import-resolver-typescript glob-parent@5.1.2 OK for: fast-glob@3.3.2 want: ^5.1.2
2052 silly placeDep ROOT foreground-child@3.3.0 OK for: glob@10.4.5 want: ^3.1.0
2053 silly placeDep ROOT jackspeak@3.4.3 OK for: glob@10.4.5 want: ^3.1.2
2054 silly placeDep node_modules/sucrase minimatch@9.0.5 OK for: glob@10.4.5 want: ^9.0.4
2055 silly placeDep ROOT minipass@7.1.2 OK for: glob@10.4.5 want: ^7.1.2
2056 silly placeDep ROOT package-json-from-dist@1.0.1 OK for: glob@10.4.5 want: ^1.0.0
2057 silly placeDep ROOT path-scurry@1.11.1 OK for: glob@10.4.5 want: ^1.11.1
2058 silly fetch manifest signal-exit@^4.0.1
2059 silly packumentCache full:https://registry.npmjs.org/signal-exit cache-miss
2060 silly fetch manifest @isaacs/cliui@^8.0.2
2061 silly packumentCache full:https://registry.npmjs.org/@isaacs%2fcliui cache-miss
2062 silly fetch manifest @pkgjs/parseargs@^0.11.0
2063 silly packumentCache full:https://registry.npmjs.org/@pkgjs%2fparseargs cache-miss
2064 http fetch GET 200 https://registry.npmjs.org/@isaacs%2fcliui 445ms (cache miss)
2065 silly packumentCache full:https://registry.npmjs.org/@isaacs%2fcliui set size:undefined disposed:false
2066 silly fetch manifest lru-cache@^10.2.0
2067 silly packumentCache full:https://registry.npmjs.org/lru-cache cache-miss
2068 http fetch GET 200 https://registry.npmjs.org/@pkgjs%2fparseargs 464ms (cache miss)
2069 silly packumentCache full:https://registry.npmjs.org/@pkgjs%2fparseargs set size:undefined disposed:false
2070 http fetch GET 200 https://registry.npmjs.org/signal-exit 479ms (cache miss)
2071 silly packumentCache full:https://registry.npmjs.org/signal-exit set size:undefined disposed:false
2072 http fetch GET 200 https://registry.npmjs.org/lru-cache 928ms (cache miss)
2073 silly packumentCache full:https://registry.npmjs.org/lru-cache set size:undefined disposed:false
2074 silly placeDep ROOT signal-exit@4.1.0 OK for: foreground-child@3.3.0 want: ^4.0.1
2075 silly placeDep ROOT @isaacs/cliui@8.0.2 OK for: jackspeak@3.4.3 want: ^8.0.2
2076 silly placeDep ROOT @pkgjs/parseargs@0.11.0 OK for: jackspeak@3.4.3 want: ^0.11.0
2077 silly fetch manifest string-width@^5.1.2
2078 silly packumentCache full:https://registry.npmjs.org/string-width cache-miss
2079 silly fetch manifest string-width-cjs@npm:string-width@^4.2.0
2080 silly packumentCache full:https://registry.npmjs.org/string-width cache-miss
2081 silly fetch manifest strip-ansi@^7.0.1
2082 silly packumentCache full:https://registry.npmjs.org/strip-ansi cache-miss
2083 http fetch GET 200 https://registry.npmjs.org/strip-ansi 75ms (cache hit)
2084 silly packumentCache full:https://registry.npmjs.org/strip-ansi set size:43180 disposed:false
2085 silly fetch manifest strip-ansi-cjs@npm:strip-ansi@^6.0.1
2086 silly packumentCache full:https://registry.npmjs.org/strip-ansi cache-hit
2087 silly fetch manifest wrap-ansi@^8.1.0
2088 silly packumentCache full:https://registry.npmjs.org/wrap-ansi cache-miss
2089 http fetch GET 200 https://registry.npmjs.org/string-width 360ms (cache miss)
2090 silly packumentCache full:https://registry.npmjs.org/string-width set size:undefined disposed:false
2091 silly fetch manifest wrap-ansi-cjs@npm:wrap-ansi@^7.0.0
2092 silly packumentCache full:https://registry.npmjs.org/wrap-ansi cache-miss
2093 http fetch GET 200 https://registry.npmjs.org/string-width 374ms (cache miss)
2094 silly packumentCache full:https://registry.npmjs.org/string-width set size:undefined disposed:false
2095 http fetch GET 200 https://registry.npmjs.org/wrap-ansi 503ms (cache miss)
2096 silly packumentCache full:https://registry.npmjs.org/wrap-ansi set size:undefined disposed:false
2097 http fetch GET 200 https://registry.npmjs.org/wrap-ansi 338ms (cache miss)
2098 silly packumentCache full:https://registry.npmjs.org/wrap-ansi set size:undefined disposed:false
2099 silly placeDep ROOT string-width@5.1.2 OK for: @isaacs/cliui@8.0.2 want: ^5.1.2
2100 silly placeDep ROOT string-width-cjs@4.2.3 OK for: @isaacs/cliui@8.0.2 want: npm:string-width@^4.2.0
2101 silly placeDep node_modules/@isaacs/cliui strip-ansi@7.1.0 OK for: @isaacs/cliui@8.0.2 want: ^7.0.1
2102 silly placeDep ROOT strip-ansi-cjs@6.0.1 OK for: @isaacs/cliui@8.0.2 want: npm:strip-ansi@^6.0.1
2103 silly placeDep ROOT wrap-ansi@8.1.0 OK for: @isaacs/cliui@8.0.2 want: ^8.1.0
2104 silly placeDep ROOT wrap-ansi-cjs@7.0.0 OK for: @isaacs/cliui@8.0.2 want: npm:wrap-ansi@^7.0.0
2105 silly fetch manifest eastasianwidth@^0.2.0
2106 silly packumentCache full:https://registry.npmjs.org/eastasianwidth cache-miss
2107 silly fetch manifest emoji-regex@^8.0.0
2108 silly packumentCache full:https://registry.npmjs.org/emoji-regex cache-miss
2109 silly fetch manifest is-fullwidth-code-point@^3.0.0
2110 silly packumentCache full:https://registry.npmjs.org/is-fullwidth-code-point cache-miss
2111 http fetch GET 200 https://registry.npmjs.org/emoji-regex 39ms (cache hit)
2112 silly packumentCache full:https://registry.npmjs.org/emoji-regex set size:85187 disposed:false
2113 silly fetch manifest ansi-regex@^6.0.1
2114 silly packumentCache full:https://registry.npmjs.org/ansi-regex cache-miss
2115 http fetch GET 200 https://registry.npmjs.org/ansi-regex 35ms (cache hit)
2116 silly packumentCache full:https://registry.npmjs.org/ansi-regex set size:41869 disposed:false
2117 silly fetch manifest ansi-styles@^6.1.0
2118 silly packumentCache full:https://registry.npmjs.org/ansi-styles cache-miss
2119 http fetch GET 200 https://registry.npmjs.org/ansi-styles 18ms (cache hit)
2120 silly packumentCache full:https://registry.npmjs.org/ansi-styles set size:66356 disposed:false
2121 silly fetch manifest string-width@^4.1.0
2122 silly packumentCache full:https://registry.npmjs.org/string-width cache-miss
2123 http fetch GET 200 https://registry.npmjs.org/string-width 12ms (cache hit)
2124 silly packumentCache full:https://registry.npmjs.org/string-width set size:61460 disposed:false
2125 http fetch GET 200 https://registry.npmjs.org/eastasianwidth 590ms (cache miss)
2126 silly packumentCache full:https://registry.npmjs.org/eastasianwidth set size:undefined disposed:false
2127 http fetch GET 200 https://registry.npmjs.org/is-fullwidth-code-point 590ms (cache miss)
2128 silly packumentCache full:https://registry.npmjs.org/is-fullwidth-code-point set size:undefined disposed:false
2129 silly placeDep ROOT lru-cache@10.4.3 OK for: path-scurry@1.11.1 want: ^10.2.0
2130 silly placeDep ROOT eastasianwidth@0.2.0 OK for: string-width@5.1.2 want: ^0.2.0
2131 silly placeDep node_modules/string-width strip-ansi@7.1.0 OK for: string-width@5.1.2 want: ^7.0.1
2132 silly placeDep node_modules/string-width-cjs emoji-regex@8.0.0 OK for: string-width@4.2.3 want: ^8.0.0
2133 silly placeDep ROOT is-fullwidth-code-point@3.0.0 OK for: string-width@4.2.3 want: ^3.0.0
2134 silly placeDep node_modules/wrap-ansi ansi-styles@6.2.1 OK for: wrap-ansi@8.1.0 want: ^6.1.0
2135 silly placeDep node_modules/wrap-ansi strip-ansi@7.1.0 OK for: wrap-ansi@8.1.0 want: ^7.0.1
2136 silly placeDep node_modules/wrap-ansi-cjs string-width@4.2.3 OK for: wrap-ansi@7.0.0 want: ^4.1.0
2137 silly placeDep node_modules/@isaacs/cliui ansi-regex@6.1.0 OK for: strip-ansi@7.1.0 want: ^6.0.1
2138 silly placeDep node_modules/string-width ansi-regex@6.1.0 OK for: strip-ansi@7.1.0 want: ^6.0.1
2139 silly placeDep node_modules/sucrase brace-expansion@2.0.1 OK for: minimatch@9.0.5 want: ^2.0.1
2140 silly placeDep node_modules/tailwindcss/node_modules/fast-glob glob-parent@5.1.2 OK for: fast-glob@3.3.2 want: ^5.1.2
2141 silly placeDep node_modules/wrap-ansi-cjs emoji-regex@8.0.0 OK for: string-width@4.2.3 want: ^8.0.0
2142 silly placeDep node_modules/wrap-ansi ansi-regex@6.1.0 OK for: strip-ansi@7.1.0 want: ^6.0.1
2143 silly reify moves {}
2144 silly audit bulk request {
2144 silly audit   '@types/node': [ '20.17.9' ],
2144 silly audit   '@types/react': [ '18.3.13' ],
2144 silly audit   '@types/react-dom': [ '18.3.1' ],
2144 silly audit   eslint: [ '8.57.1' ],
2144 silly audit   'eslint-config-next': [ '15.0.3' ],
2144 silly audit   next: [ '15.0.3' ],
2144 silly audit   react: [ '19.0.0-rc-66855b96-20241106' ],
2144 silly audit   'react-dom': [ '19.0.0-rc-66855b96-20241106' ],
2144 silly audit   postcss: [ '8.4.49', '8.4.31' ],
2144 silly audit   tailwindcss: [ '3.4.16' ],
2144 silly audit   typescript: [ '5.7.2' ],
2144 silly audit   'undici-types': [ '6.19.8' ],
2144 silly audit   '@types/prop-types': [ '15.7.13' ],
2144 silly audit   csstype: [ '3.1.3' ],
2144 silly audit   '@eslint-community/eslint-utils': [ '4.4.1' ],
2144 silly audit   '@eslint-community/regexpp': [ '4.12.1' ],
2144 silly audit   '@eslint/eslintrc': [ '2.1.4' ],
2144 silly audit   '@eslint/js': [ '8.57.1' ],
2144 silly audit   '@humanwhocodes/config-array': [ '0.13.0' ],
2144 silly audit   '@humanwhocodes/module-importer': [ '1.0.1' ],
2144 silly audit   '@nodelib/fs.walk': [ '1.2.8' ],
2144 silly audit   '@ungap/structured-clone': [ '1.2.0' ],
2144 silly audit   ajv: [ '6.12.6' ],
2144 silly audit   chalk: [ '4.1.2' ],
2144 silly audit   'cross-spawn': [ '7.0.6' ],
2144 silly audit   debug: [ '4.3.7', '3.2.7' ],
2144 silly audit   doctrine: [ '3.0.0', '2.1.0' ],
2144 silly audit   'escape-string-regexp': [ '4.0.0' ],
2144 silly audit   'eslint-scope': [ '7.2.2' ],
2144 silly audit   'eslint-visitor-keys': [ '3.4.3', '4.2.0' ],
2144 silly audit   espree: [ '9.6.1' ],
2144 silly audit   esquery: [ '1.6.0' ],
2144 silly audit   esutils: [ '2.0.3' ],
2144 silly audit   'fast-deep-equal': [ '3.1.3' ],
2144 silly audit   'file-entry-cache': [ '6.0.1' ],
2144 silly audit   'find-up': [ '5.0.0' ],
2144 silly audit   'glob-parent': [ '6.0.2', '5.1.2' ],
2144 silly audit   globals: [ '13.24.0' ],
2144 silly audit   graphemer: [ '1.4.0' ],
2144 silly audit   ignore: [ '5.3.2' ],
2144 silly audit   imurmurhash: [ '0.1.4' ],
2144 silly audit   'is-glob': [ '4.0.3' ],
2144 silly audit   'is-path-inside': [ '3.0.3' ],
2144 silly audit   'js-yaml': [ '4.1.0' ],
2144 silly audit   'json-stable-stringify-without-jsonify': [ '1.0.1' ],
2144 silly audit   levn: [ '0.4.1' ],
2144 silly audit   'lodash.merge': [ '4.6.2' ],
2144 silly audit   minimatch: [ '3.1.2', '9.0.5' ],
2144 silly audit   'natural-compare': [ '1.4.0' ],
2144 silly audit   optionator: [ '0.9.4' ],
2144 silly audit   'strip-ansi': [ '6.0.1', '7.1.0' ],
2144 silly audit   'text-table': [ '0.2.0' ],
2144 silly audit   'import-fresh': [ '3.3.0' ],
2144 silly audit   'strip-json-comments': [ '3.1.1' ],
2144 silly audit   '@humanwhocodes/object-schema': [ '2.0.3' ],
2144 silly audit   '@nodelib/fs.scandir': [ '2.1.5' ],
2144 silly audit   fastq: [ '1.17.1' ],
2144 silly audit   '@nodelib/fs.stat': [ '2.0.5' ],
2144 silly audit   'run-parallel': [ '1.2.0' ],
2144 silly audit   'fast-json-stable-stringify': [ '2.1.0' ],
2144 silly audit   'json-schema-traverse': [ '0.4.1' ],
2144 silly audit   'uri-js': [ '4.4.1' ],
2144 silly audit   'ansi-styles': [ '4.3.0', '6.2.1' ],
2144 silly audit   'supports-color': [ '7.2.0' ],
2144 silly audit   'color-convert': [ '2.0.1' ],
2144 silly audit   'color-name': [ '1.1.4' ],
2144 silly audit   'path-key': [ '3.1.1' ],
2144 silly audit   'shebang-command': [ '2.0.0' ],
2144 silly audit   which: [ '2.0.2' ],
2144 silly audit   ms: [ '2.1.3' ],
2144 silly audit   '@next/eslint-plugin-next': [ '15.0.3' ],
2144 silly audit   '@rushstack/eslint-patch': [ '1.10.4' ],
2144 silly audit   '@typescript-eslint/eslint-plugin': [ '8.17.0' ],
2144 silly audit   '@typescript-eslint/parser': [ '8.17.0' ],
2144 silly audit   'eslint-import-resolver-node': [ '0.3.9' ],
2144 silly audit   'eslint-import-resolver-typescript': [ '3.7.0' ],
2144 silly audit   'eslint-plugin-import': [ '2.31.0' ],
2144 silly audit   'eslint-plugin-jsx-a11y': [ '6.10.2' ],
2144 silly audit   'eslint-plugin-react': [ '7.37.2' ],
2144 silly audit   'eslint-plugin-react-hooks': [ '5.0.0' ],
2144 silly audit   'fast-glob': [ '3.3.1', '3.3.2' ],
2144 silly audit   '@typescript-eslint/scope-manager': [ '8.17.0' ],
2144 silly audit   '@typescript-eslint/type-utils': [ '8.17.0' ],
2144 silly audit   '@typescript-eslint/utils': [ '8.17.0' ],
2144 silly audit   '@typescript-eslint/visitor-keys': [ '8.17.0' ],
2144 silly audit   'ts-api-utils': [ '1.4.3' ],
2144 silly audit   '@typescript-eslint/types': [ '8.17.0' ],
2144 silly audit   '@typescript-eslint/typescript-estree': [ '8.17.0' ],
2144 silly audit   semver: [ '7.6.3', '6.3.1' ],
2144 silly audit   'is-core-module': [ '2.15.1' ],
2144 silly audit   resolve: [ '1.22.8', '2.0.0-next.5' ],
2144 silly audit   '@nolyfill/is-core-module': [ '1.0.39' ],
2144 silly audit   'enhanced-resolve': [ '5.17.1' ],
2144 silly audit   'get-tsconfig': [ '4.8.1' ],
2144 silly audit   'is-bun-module': [ '1.3.0' ],
2144 silly audit   'stable-hash': [ '0.0.4' ],
2144 silly audit   'graceful-fs': [ '4.2.11' ],
2144 silly audit   tapable: [ '2.2.1' ],
2144 silly audit   '@rtsao/scc': [ '1.1.0' ],
2144 silly audit   'array-includes': [ '3.1.8' ],
2144 silly audit   'array.prototype.findlastindex': [ '1.2.5' ],
2144 silly audit   'array.prototype.flat': [ '1.3.2' ],
2144 silly audit   'array.prototype.flatmap': [ '1.3.2' ],
2144 silly audit   'eslint-module-utils': [ '2.12.0' ],
2144 silly audit   hasown: [ '2.0.2' ],
2144 silly audit   'object.fromentries': [ '2.0.8' ],
2144 silly audit   'object.groupby': [ '1.0.3' ],
2144 silly audit   'object.values': [ '1.2.0' ],
2144 silly audit   'string.prototype.trimend': [ '1.0.8' ],
2144 silly audit   'tsconfig-paths': [ '3.15.0' ],
2144 silly audit   'call-bind': [ '1.0.7' ],
2144 silly audit   'define-properties': [ '1.2.1' ],
2144 silly audit   'es-abstract': [ '1.23.5' ],
2144 silly audit   'es-object-atoms': [ '1.0.0' ],
2144 silly audit   'get-intrinsic': [ '1.2.4' ],
2144 silly audit   'is-string': [ '1.1.0' ],
2144 silly audit   'es-errors': [ '1.3.0' ],
2144 silly audit   'es-shim-unscopables': [ '1.0.2' ],
2144 silly audit   'es-define-property': [ '1.0.0' ],
2144 silly audit   'function-bind': [ '1.1.2' ],
2144 silly audit   'set-function-length': [ '1.2.2' ],
2144 silly audit   'define-data-property': [ '1.1.4' ],
2144 silly audit   'has-property-descriptors': [ '1.0.2' ],
2144 silly audit   'object-keys': [ '1.1.1' ],
2144 silly audit   gopd: [ '1.2.0' ],
2144 silly audit   'array-buffer-byte-length': [ '1.0.1' ],
2144 silly audit   'arraybuffer.prototype.slice': [ '1.0.3' ],
2144 silly audit   'available-typed-arrays': [ '1.0.7' ],
2144 silly audit   'data-view-buffer': [ '1.0.1' ],
2144 silly audit   'data-view-byte-length': [ '1.0.1' ],
2144 silly audit   'data-view-byte-offset': [ '1.0.0' ],
2144 silly audit   'es-set-tostringtag': [ '2.0.3' ],
2144 silly audit   'es-to-primitive': [ '1.3.0' ],
2144 silly audit   'function.prototype.name': [ '1.1.6' ],
2144 silly audit   'get-symbol-description': [ '1.0.2' ],
2144 silly audit   globalthis: [ '1.0.4' ],
2144 silly audit   'has-proto': [ '1.1.0' ],
2144 silly audit   'has-symbols': [ '1.1.0' ],
2144 silly audit   'internal-slot': [ '1.0.7' ],
2144 silly audit   'is-array-buffer': [ '3.0.4' ],
2144 silly audit   'is-callable': [ '1.2.7' ],
2144 silly audit   'is-data-view': [ '1.0.1' ],
2144 silly audit   'is-negative-zero': [ '2.0.3' ],
2144 silly audit   'is-regex': [ '1.2.0' ],
2144 silly audit   'is-shared-array-buffer': [ '1.0.3' ],
2144 silly audit   'is-typed-array': [ '1.1.13' ],
2144 silly audit   'is-weakref': [ '1.0.2' ],
2144 silly audit   'object-inspect': [ '1.13.3' ],
2144 silly audit   'object.assign': [ '4.1.5' ],
2144 silly audit   'regexp.prototype.flags': [ '1.5.3' ],
2144 silly audit   'safe-array-concat': [ '1.1.2' ],
2144 silly audit   'safe-regex-test': [ '1.0.3' ],
2144 silly audit   'string.prototype.trim': [ '1.2.9' ],
2144 silly audit   'string.prototype.trimstart': [ '1.0.8' ],
2144 silly audit   'typed-array-buffer': [ '1.0.2' ],
2144 silly audit   'typed-array-byte-length': [ '1.0.1' ],
2144 silly audit   'typed-array-byte-offset': [ '1.0.3' ],
2144 silly audit   'typed-array-length': [ '1.0.7' ],
2144 silly audit   'unbox-primitive': [ '1.0.2' ],
2144 silly audit   'which-typed-array': [ '1.1.16' ],
2144 silly audit   'possible-typed-array-names': [ '1.0.0' ],
2144 silly audit   'has-tostringtag': [ '1.0.2' ],
2144 silly audit   'is-date-object': [ '1.0.5' ],
2144 silly audit   'is-symbol': [ '1.1.0' ],
2144 silly audit   'aria-query': [ '5.3.2' ],
2144 silly audit   'ast-types-flow': [ '0.0.8' ],
2144 silly audit   'axe-core': [ '4.10.2' ],
2144 silly audit   'axobject-query': [ '4.1.0' ],
2144 silly audit   'damerau-levenshtein': [ '1.0.8' ],
2144 silly audit   'emoji-regex': [ '9.2.2', '8.0.0' ],
2144 silly audit   'jsx-ast-utils': [ '3.3.5' ],
2144 silly audit   'language-tags': [ '1.0.9' ],
2144 silly audit   'string.prototype.includes': [ '2.0.1' ],
2144 silly audit   'array.prototype.findlast': [ '1.2.5' ],
2144 silly audit   'array.prototype.tosorted': [ '1.1.4' ],
2144 silly audit   'es-iterator-helpers': [ '1.2.0' ],
2144 silly audit   estraverse: [ '5.3.0' ],
2144 silly audit   'object.entries': [ '1.1.8' ],
2144 silly audit   'prop-types': [ '15.8.1' ],
2144 silly audit   'string.prototype.matchall': [ '4.0.11' ],
2144 silly audit   'string.prototype.repeat': [ '1.0.0' ],
2144 silly audit   'iterator.prototype': [ '1.1.3' ],
2144 silly audit   esrecurse: [ '4.3.0' ],
2144 silly audit   acorn: [ '8.14.0' ],
2144 silly audit   'acorn-jsx': [ '5.3.2' ],
2144 silly audit   merge2: [ '1.4.1' ],
2144 silly audit   micromatch: [ '4.0.8' ],
2144 silly audit   reusify: [ '1.0.4' ],
2144 silly audit   'flat-cache': [ '3.2.0' ],
2144 silly audit   'locate-path': [ '6.0.0' ],
2144 silly audit   'path-exists': [ '4.0.0' ],
2144 silly audit   flatted: [ '3.3.2' ],
2144 silly audit   keyv: [ '4.5.4' ],
2144 silly audit   rimraf: [ '3.0.2' ],
2144 silly audit   'functions-have-names': [ '1.2.3' ],
2144 silly audit   'resolve-pkg-maps': [ '1.0.0' ],
2144 silly audit   'type-fest': [ '0.20.2' ],
2144 silly audit   'parent-module': [ '1.0.1' ],
2144 silly audit   'resolve-from': [ '4.0.0' ],
2144 silly audit   'side-channel': [ '1.0.6' ],
2144 silly audit   'is-extglob': [ '2.1.1' ],
2144 silly audit   'reflect.getprototypeof': [ '1.0.7' ],
2144 silly audit   'set-function-name': [ '2.0.2' ],
2144 silly audit   argparse: [ '2.0.1' ],
2144 silly audit   'json-buffer': [ '3.0.1' ],
2144 silly audit   'language-subtag-registry': [ '0.3.23' ],
2144 silly audit   'prelude-ls': [ '1.2.1' ],
2144 silly audit   'type-check': [ '0.4.0' ],
2144 silly audit   'p-locate': [ '5.0.0' ],
2144 silly audit   braces: [ '3.0.3' ],
2144 silly audit   picomatch: [ '2.3.1' ],
2144 silly audit   'fill-range': [ '7.1.1' ],
2144 silly audit   'to-regex-range': [ '5.0.1' ],
2144 silly audit   'brace-expansion': [ '1.1.11', '2.0.1' ],
2144 silly audit   'balanced-match': [ '1.0.2' ],
2144 silly audit   'concat-map': [ '0.0.1' ],
2144 silly audit   '@next/env': [ '15.0.3' ],
2144 silly audit   '@next/swc-darwin-arm64': [ '15.0.3' ],
2144 silly audit   '@next/swc-darwin-x64': [ '15.0.3' ],
2144 silly audit   '@next/swc-linux-arm64-gnu': [ '15.0.3' ],
2144 silly audit   '@next/swc-linux-arm64-musl': [ '15.0.3' ],
2144 silly audit   '@next/swc-linux-x64-gnu': [ '15.0.3' ],
2144 silly audit   '@next/swc-linux-x64-musl': [ '15.0.3' ],
2144 silly audit   '@next/swc-win32-arm64-msvc': [ '15.0.3' ],
2144 silly audit   '@next/swc-win32-x64-msvc': [ '15.0.3' ],
2144 silly audit   '@swc/counter': [ '0.1.3' ],
2144 silly audit   '@swc/helpers': [ '0.5.13' ],
2144 silly audit   busboy: [ '1.6.0' ],
2144 silly audit   'caniuse-lite': [ '1.0.30001686' ],
2144 silly audit   sharp: [ '0.33.5' ],
2144 silly audit   'styled-jsx': [ '5.1.6' ],
2144 silly audit   tslib: [ '2.8.1' ],
2144 silly audit   streamsearch: [ '1.1.0' ],
2144 silly audit   'deep-is': [ '0.1.4' ],
2144 silly audit   'fast-levenshtein': [ '2.0.6' ],
2144 silly audit   'word-wrap': [ '1.2.5' ],
2144 silly audit   'p-limit': [ '3.1.0' ],
2144 silly audit   'yocto-queue': [ '0.1.0' ],
2144 silly audit   callsites: [ '3.1.0' ],
2144 silly audit   nanoid: [ '3.3.8' ],
2144 silly audit   picocolors: [ '1.1.1' ],
2144 silly audit   'source-map-js': [ '1.2.1' ],
2144 silly audit   'loose-envify': [ '1.4.0' ],
2144 silly audit   'object-assign': [ '4.1.1' ],
2144 silly audit   'react-is': [ '16.13.1' ],
2144 silly audit   'js-tokens': [ '4.0.0' ],
2144 silly audit   scheduler: [ '0.25.0-rc-66855b96-20241106' ],
2144 silly audit   'which-builtin-type': [ '1.2.0' ],
2144 silly audit   'path-parse': [ '1.0.7' ],
2144 silly audit   'supports-preserve-symlinks-flag': [ '1.0.0' ],
2144 silly audit   glob: [ '7.2.3', '10.4.5' ],
2144 silly audit   'fs.realpath': [ '1.0.0' ],
2144 silly audit   inflight: [ '1.0.6' ],
2144 silly audit   inherits: [ '2.0.4' ],
2144 silly audit   once: [ '1.4.0' ],
2144 silly audit   'path-is-absolute': [ '1.0.1' ],
2144 silly audit   wrappy: [ '1.0.2' ],
2144 silly audit   'queue-microtask': [ '1.2.3' ],
2144 silly audit   isarray: [ '2.0.5' ],
2144 silly audit   '@img/sharp-darwin-arm64': [ '0.33.5' ],
2144 silly audit   '@img/sharp-darwin-x64': [ '0.33.5' ],
2144 silly audit   '@img/sharp-libvips-darwin-arm64': [ '1.0.4' ],
2144 silly audit   '@img/sharp-libvips-darwin-x64': [ '1.0.4' ],
2144 silly audit   '@img/sharp-libvips-linux-arm': [ '1.0.5' ],
2144 silly audit   '@img/sharp-libvips-linux-arm64': [ '1.0.4' ],
2144 silly audit   '@img/sharp-libvips-linux-s390x': [ '1.0.4' ],
2144 silly audit   '@img/sharp-libvips-linux-x64': [ '1.0.4' ],
2144 silly audit   '@img/sharp-libvips-linuxmusl-arm64': [ '1.0.4' ],
2144 silly audit   '@img/sharp-libvips-linuxmusl-x64': [ '1.0.4' ],
2144 silly audit   '@img/sharp-linux-arm': [ '0.33.5' ],
2144 silly audit   '@img/sharp-linux-arm64': [ '0.33.5' ],
2144 silly audit   '@img/sharp-linux-s390x': [ '0.33.5' ],
2144 silly audit   '@img/sharp-linux-x64': [ '0.33.5' ],
2144 silly audit   '@img/sharp-linuxmusl-arm64': [ '0.33.5' ],
2144 silly audit   '@img/sharp-linuxmusl-x64': [ '0.33.5' ],
2144 silly audit   '@img/sharp-wasm32': [ '0.33.5' ],
2144 silly audit   '@img/sharp-win32-ia32': [ '0.33.5' ],
2144 silly audit   '@img/sharp-win32-x64': [ '0.33.5' ],
2144 silly audit   color: [ '4.2.3' ],
2144 silly audit   'detect-libc': [ '2.0.3' ],
2144 silly audit   '@emnapi/runtime': [ '1.3.1' ],
2144 silly audit   'color-string': [ '1.9.1' ],
2144 silly audit   'simple-swizzle': [ '0.2.2' ],
2144 silly audit   'shebang-regex': [ '3.0.0' ],
2144 silly audit   'is-arrayish': [ '0.3.2' ],
2144 silly audit   'ansi-regex': [ '5.0.1', '6.1.0' ],
2144 silly audit   'client-only': [ '0.0.1' ],
2144 silly audit   'has-flag': [ '4.0.0' ],
2144 silly audit   '@alloc/quick-lru': [ '5.2.0' ],
2144 silly audit   arg: [ '5.0.2' ],
2144 silly audit   chokidar: [ '3.6.0' ],
2144 silly audit   didyoumean: [ '1.2.2' ],
2144 silly audit   dlv: [ '1.1.3' ],
2144 silly audit   jiti: [ '1.21.6' ],
2144 silly audit   lilconfig: [ '3.1.3' ],
2144 silly audit   'normalize-path': [ '3.0.0' ],
2144 silly audit   'object-hash': [ '3.0.0' ],
2144 silly audit   'postcss-import': [ '15.1.0' ],
2144 silly audit   'postcss-js': [ '4.0.1' ],
2144 silly audit   'postcss-load-config': [ '4.0.2' ],
2144 silly audit   'postcss-nested': [ '6.2.0' ],
2144 silly audit   'postcss-selector-parser': [ '6.1.2' ],
2144 silly audit   sucrase: [ '3.35.0' ],
2144 silly audit   anymatch: [ '3.1.3' ],
2144 silly audit   fsevents: [ '2.3.3' ],
2144 silly audit   'is-binary-path': [ '2.1.0' ],
2144 silly audit   readdirp: [ '3.6.0' ],
2144 silly audit   'binary-extensions': [ '2.3.0' ],
2144 silly audit   'postcss-value-parser': [ '4.2.0' ],
2144 silly audit   'read-cache': [ '1.0.0' ],
2144 silly audit   'camelcase-css': [ '2.0.1' ],
2144 silly audit   yaml: [ '2.6.1' ],
2144 silly audit   cssesc: [ '3.0.0' ],
2144 silly audit   'util-deprecate': [ '1.0.2' ],
2144 silly audit   pify: [ '2.3.0' ],
2144 silly audit   '@jridgewell/gen-mapping': [ '0.3.5' ],
2144 silly audit   commander: [ '4.1.1' ],
2144 silly audit   'lines-and-columns': [ '1.2.4' ],
2144 silly audit   mz: [ '2.7.0' ],
2144 silly audit   pirates: [ '4.0.6' ],
2144 silly audit   'ts-interface-checker': [ '0.1.13' ],
2144 silly audit   '@jridgewell/set-array': [ '1.2.1' ],
2144 silly audit   '@jridgewell/sourcemap-codec': [ '1.5.0' ],
2144 silly audit   '@jridgewell/trace-mapping': [ '0.3.25' ],
2144 silly audit   '@jridgewell/resolve-uri': [ '3.1.2' ],
2144 silly audit   'any-promise': [ '1.3.0' ],
2144 silly audit   'thenify-all': [ '1.6.0' ],
2144 silly audit   thenify: [ '3.3.1' ],
2144 silly audit   'is-number': [ '7.0.0' ],
2144 silly audit   '@types/json5': [ '0.0.29' ],
2144 silly audit   json5: [ '1.0.2' ],
2144 silly audit   minimist: [ '1.2.8' ],
2144 silly audit   'strip-bom': [ '3.0.0' ],
2144 silly audit   'for-each': [ '0.3.3' ],
2144 silly audit   'has-bigints': [ '1.0.2' ],
2144 silly audit   'which-boxed-primitive': [ '1.1.0' ],
2144 silly audit   punycode: [ '2.3.1' ],
2144 silly audit   isexe: [ '2.0.0' ],
2144 silly audit   'is-bigint': [ '1.1.0' ],
2144 silly audit   'is-boolean-object': [ '1.2.0' ],
2144 silly audit   'is-number-object': [ '1.1.0' ],
2144 silly audit   'is-async-function': [ '2.0.0' ],
2144 silly audit   'is-finalizationregistry': [ '1.1.0' ],
2144 silly audit   'is-generator-function': [ '1.0.10' ],
2144 silly audit   'which-collection': [ '1.0.2' ],
2144 silly audit   'is-map': [ '2.0.3' ],
2144 silly audit   'is-set': [ '2.0.3' ],
2144 silly audit   'is-weakmap': [ '2.0.2' ],
2144 silly audit   'is-weakset': [ '2.0.3' ],
2144 silly audit   'foreground-child': [ '3.3.0' ],
2144 silly audit   jackspeak: [ '3.4.3' ],
2144 silly audit   minipass: [ '7.1.2' ],
2144 silly audit   'package-json-from-dist': [ '1.0.1' ],
2144 silly audit   'path-scurry': [ '1.11.1' ],
2144 silly audit   'signal-exit': [ '4.1.0' ],
2144 silly audit   '@isaacs/cliui': [ '8.0.2' ],
2144 silly audit   '@pkgjs/parseargs': [ '0.11.0' ],
2144 silly audit   'string-width': [ '5.1.2', '4.2.3' ],
2144 silly audit   'wrap-ansi': [ '8.1.0', '7.0.0' ],
2144 silly audit   'lru-cache': [ '10.4.3' ],
2144 silly audit   eastasianwidth: [ '0.2.0' ],
2144 silly audit   'is-fullwidth-code-point': [ '3.0.0' ]
2144 silly audit }
2145 verbose reify failed optional dependency C:\Users\Eniola\everythingmeat-frontend\node_modules\fsevents
2146 silly reify mark deleted [
2146 silly reify   'C:\\Users\\Eniola\\everythingmeat-frontend\\node_modules\\fsevents'
2146 silly reify ]
2147 verbose reify failed optional dependency C:\Users\Eniola\everythingmeat-frontend\node_modules\@img\sharp-win32-ia32
2148 silly reify mark deleted [
2148 silly reify   'C:\\Users\\Eniola\\everythingmeat-frontend\\node_modules\\@img\\sharp-win32-ia32'
2148 silly reify ]
2149 verbose reify failed optional dependency C:\Users\Eniola\everythingmeat-frontend\node_modules\@img\sharp-wasm32
2150 silly reify mark deleted [
2150 silly reify   'C:\\Users\\Eniola\\everythingmeat-frontend\\node_modules\\@img\\sharp-wasm32'
2150 silly reify ]
2151 verbose reify failed optional dependency C:\Users\Eniola\everythingmeat-frontend\node_modules\@emnapi\runtime
2152 silly reify mark deleted [
2152 silly reify   'C:\\Users\\Eniola\\everythingmeat-frontend\\node_modules\\@emnapi\\runtime'
2152 silly reify ]
2153 verbose reify failed optional dependency C:\Users\Eniola\everythingmeat-frontend\node_modules\@img\sharp-linuxmusl-x64
2154 silly reify mark deleted [
2154 silly reify   'C:\\Users\\Eniola\\everythingmeat-frontend\\node_modules\\@img\\sharp-linuxmusl-x64'
2154 silly reify ]
2155 verbose reify failed optional dependency C:\Users\Eniola\everythingmeat-frontend\node_modules\@img\sharp-linuxmusl-arm64
2156 silly reify mark deleted [
2156 silly reify   'C:\\Users\\Eniola\\everythingmeat-frontend\\node_modules\\@img\\sharp-linuxmusl-arm64'
2156 silly reify ]
2157 verbose reify failed optional dependency C:\Users\Eniola\everythingmeat-frontend\node_modules\@img\sharp-linux-x64
2158 silly reify mark deleted [
2158 silly reify   'C:\\Users\\Eniola\\everythingmeat-frontend\\node_modules\\@img\\sharp-linux-x64'
2158 silly reify ]
2159 verbose reify failed optional dependency C:\Users\Eniola\everythingmeat-frontend\node_modules\@img\sharp-linux-s390x
2160 silly reify mark deleted [
2160 silly reify   'C:\\Users\\Eniola\\everythingmeat-frontend\\node_modules\\@img\\sharp-linux-s390x'
2160 silly reify ]
2161 verbose reify failed optional dependency C:\Users\Eniola\everythingmeat-frontend\node_modules\@img\sharp-linux-arm64
2162 silly reify mark deleted [
2162 silly reify   'C:\\Users\\Eniola\\everythingmeat-frontend\\node_modules\\@img\\sharp-linux-arm64'
2162 silly reify ]
2163 verbose reify failed optional dependency C:\Users\Eniola\everythingmeat-frontend\node_modules\@img\sharp-linux-arm
2164 silly reify mark deleted [
2164 silly reify   'C:\\Users\\Eniola\\everythingmeat-frontend\\node_modules\\@img\\sharp-linux-arm'
2164 silly reify ]
2165 verbose reify failed optional dependency C:\Users\Eniola\everythingmeat-frontend\node_modules\@img\sharp-libvips-linuxmusl-x64
2166 silly reify mark deleted [
2166 silly reify   'C:\\Users\\Eniola\\everythingmeat-frontend\\node_modules\\@img\\sharp-libvips-linuxmusl-x64'
2166 silly reify ]
2167 verbose reify failed optional dependency C:\Users\Eniola\everythingmeat-frontend\node_modules\@img\sharp-libvips-linuxmusl-arm64
2168 silly reify mark deleted [
2168 silly reify   'C:\\Users\\Eniola\\everythingmeat-frontend\\node_modules\\@img\\sharp-libvips-linuxmusl-arm64'
2168 silly reify ]
2169 verbose reify failed optional dependency C:\Users\Eniola\everythingmeat-frontend\node_modules\@img\sharp-libvips-linux-x64
2170 silly reify mark deleted [
2170 silly reify   'C:\\Users\\Eniola\\everythingmeat-frontend\\node_modules\\@img\\sharp-libvips-linux-x64'
2170 silly reify ]
2171 verbose reify failed optional dependency C:\Users\Eniola\everythingmeat-frontend\node_modules\@img\sharp-libvips-linux-s390x
2172 silly reify mark deleted [
2172 silly reify   'C:\\Users\\Eniola\\everythingmeat-frontend\\node_modules\\@img\\sharp-libvips-linux-s390x'
2172 silly reify ]
2173 verbose reify failed optional dependency C:\Users\Eniola\everythingmeat-frontend\node_modules\@img\sharp-libvips-linux-arm64
2174 silly reify mark deleted [
2174 silly reify   'C:\\Users\\Eniola\\everythingmeat-frontend\\node_modules\\@img\\sharp-libvips-linux-arm64'
2174 silly reify ]
2175 verbose reify failed optional dependency C:\Users\Eniola\everythingmeat-frontend\node_modules\@img\sharp-libvips-linux-arm
2176 silly reify mark deleted [
2176 silly reify   'C:\\Users\\Eniola\\everythingmeat-frontend\\node_modules\\@img\\sharp-libvips-linux-arm'
2176 silly reify ]
2177 verbose reify failed optional dependency C:\Users\Eniola\everythingmeat-frontend\node_modules\@img\sharp-libvips-darwin-x64
2178 silly reify mark deleted [
2178 silly reify   'C:\\Users\\Eniola\\everythingmeat-frontend\\node_modules\\@img\\sharp-libvips-darwin-x64'
2178 silly reify ]
2179 verbose reify failed optional dependency C:\Users\Eniola\everythingmeat-frontend\node_modules\@img\sharp-libvips-darwin-arm64
2180 silly reify mark deleted [
2180 silly reify   'C:\\Users\\Eniola\\everythingmeat-frontend\\node_modules\\@img\\sharp-libvips-darwin-arm64'
2180 silly reify ]
2181 verbose reify failed optional dependency C:\Users\Eniola\everythingmeat-frontend\node_modules\@img\sharp-darwin-x64
2182 silly reify mark deleted [
2182 silly reify   'C:\\Users\\Eniola\\everythingmeat-frontend\\node_modules\\@img\\sharp-darwin-x64'
2182 silly reify ]
2183 verbose reify failed optional dependency C:\Users\Eniola\everythingmeat-frontend\node_modules\@img\sharp-darwin-arm64
2184 silly reify mark deleted [
2184 silly reify   'C:\\Users\\Eniola\\everythingmeat-frontend\\node_modules\\@img\\sharp-darwin-arm64'
2184 silly reify ]
2185 verbose reify failed optional dependency C:\Users\Eniola\everythingmeat-frontend\node_modules\@next\swc-win32-arm64-msvc
2186 silly reify mark deleted [
2186 silly reify   'C:\\Users\\Eniola\\everythingmeat-frontend\\node_modules\\@next\\swc-win32-arm64-msvc'
2186 silly reify ]
2187 verbose reify failed optional dependency C:\Users\Eniola\everythingmeat-frontend\node_modules\@next\swc-linux-x64-musl
2188 silly reify mark deleted [
2188 silly reify   'C:\\Users\\Eniola\\everythingmeat-frontend\\node_modules\\@next\\swc-linux-x64-musl'
2188 silly reify ]
2189 verbose reify failed optional dependency C:\Users\Eniola\everythingmeat-frontend\node_modules\@next\swc-linux-x64-gnu
2190 silly reify mark deleted [
2190 silly reify   'C:\\Users\\Eniola\\everythingmeat-frontend\\node_modules\\@next\\swc-linux-x64-gnu'
2190 silly reify ]
2191 verbose reify failed optional dependency C:\Users\Eniola\everythingmeat-frontend\node_modules\@next\swc-linux-arm64-musl
2192 silly reify mark deleted [
2192 silly reify   'C:\\Users\\Eniola\\everythingmeat-frontend\\node_modules\\@next\\swc-linux-arm64-musl'
2192 silly reify ]
2193 verbose reify failed optional dependency C:\Users\Eniola\everythingmeat-frontend\node_modules\@next\swc-linux-arm64-gnu
2194 silly reify mark deleted [
2194 silly reify   'C:\\Users\\Eniola\\everythingmeat-frontend\\node_modules\\@next\\swc-linux-arm64-gnu'
2194 silly reify ]
2195 verbose reify failed optional dependency C:\Users\Eniola\everythingmeat-frontend\node_modules\@next\swc-darwin-x64
2196 silly reify mark deleted [
2196 silly reify   'C:\\Users\\Eniola\\everythingmeat-frontend\\node_modules\\@next\\swc-darwin-x64'
2196 silly reify ]
2197 verbose reify failed optional dependency C:\Users\Eniola\everythingmeat-frontend\node_modules\@next\swc-darwin-arm64
2198 silly reify mark deleted [
2198 silly reify   'C:\\Users\\Eniola\\everythingmeat-frontend\\node_modules\\@next\\swc-darwin-arm64'
2198 silly reify ]
2199 silly tarball no local data for is-fullwidth-code-point@https://registry.npmjs.org/is-fullwidth-code-point/-/is-fullwidth-code-point-3.0.0.tgz. Extracting by manifest.
2200 silly tarball no local data for lru-cache@https://registry.npmjs.org/lru-cache/-/lru-cache-10.4.3.tgz. Extracting by manifest.
2201 silly tarball no local data for eastasianwidth@https://registry.npmjs.org/eastasianwidth/-/eastasianwidth-0.2.0.tgz. Extracting by manifest.
2202 silly tarball no local data for wrap-ansi-cjs@https://registry.npmjs.org/wrap-ansi/-/wrap-ansi-7.0.0.tgz. Extracting by manifest.
2203 silly tarball no local data for wrap-ansi@https://registry.npmjs.org/wrap-ansi/-/wrap-ansi-8.1.0.tgz. Extracting by manifest.
2204 silly tarball no local data for strip-ansi-cjs@https://registry.npmjs.org/strip-ansi/-/strip-ansi-6.0.1.tgz. Extracting by manifest.
2205 silly tarball no local data for string-width-cjs@https://registry.npmjs.org/string-width/-/string-width-4.2.3.tgz. Extracting by manifest.
2206 silly tarball no local data for string-width@https://registry.npmjs.org/string-width/-/string-width-5.1.2.tgz. Extracting by manifest.
2207 silly tarball no local data for @pkgjs/parseargs@https://registry.npmjs.org/@pkgjs/parseargs/-/parseargs-0.11.0.tgz. Extracting by manifest.
2208 silly tarball no local data for @isaacs/cliui@https://registry.npmjs.org/@isaacs/cliui/-/cliui-8.0.2.tgz. Extracting by manifest.
2209 silly tarball no local data for signal-exit@https://registry.npmjs.org/signal-exit/-/signal-exit-4.1.0.tgz. Extracting by manifest.
2210 silly tarball no local data for path-scurry@https://registry.npmjs.org/path-scurry/-/path-scurry-1.11.1.tgz. Extracting by manifest.
2211 silly tarball no local data for package-json-from-dist@https://registry.npmjs.org/package-json-from-dist/-/package-json-from-dist-1.0.1.tgz. Extracting by manifest.
2212 silly tarball no local data for minipass@https://registry.npmjs.org/minipass/-/minipass-7.1.2.tgz. Extracting by manifest.
2213 silly tarball no local data for jackspeak@https://registry.npmjs.org/jackspeak/-/jackspeak-3.4.3.tgz. Extracting by manifest.
2214 silly tarball no local data for foreground-child@https://registry.npmjs.org/foreground-child/-/foreground-child-3.3.0.tgz. Extracting by manifest.
2215 silly tarball no local data for is-weakset@https://registry.npmjs.org/is-weakset/-/is-weakset-2.0.3.tgz. Extracting by manifest.
2216 silly tarball no local data for is-weakmap@https://registry.npmjs.org/is-weakmap/-/is-weakmap-2.0.2.tgz. Extracting by manifest.
2217 silly tarball no local data for is-set@https://registry.npmjs.org/is-set/-/is-set-2.0.3.tgz. Extracting by manifest.
2218 silly tarball no local data for is-map@https://registry.npmjs.org/is-map/-/is-map-2.0.3.tgz. Extracting by manifest.
2219 silly tarball no local data for which-collection@https://registry.npmjs.org/which-collection/-/which-collection-1.0.2.tgz. Extracting by manifest.
2220 silly tarball no local data for is-generator-function@https://registry.npmjs.org/is-generator-function/-/is-generator-function-1.0.10.tgz. Extracting by manifest.
2221 silly tarball no local data for is-async-function@https://registry.npmjs.org/is-async-function/-/is-async-function-2.0.0.tgz. Extracting by manifest.
2222 silly tarball no local data for is-finalizationregistry@https://registry.npmjs.org/is-finalizationregistry/-/is-finalizationregistry-1.1.0.tgz. Extracting by manifest.
2223 silly tarball no local data for is-number-object@https://registry.npmjs.org/is-number-object/-/is-number-object-1.1.0.tgz. Extracting by manifest.
2224 silly tarball no local data for is-boolean-object@https://registry.npmjs.org/is-boolean-object/-/is-boolean-object-1.2.0.tgz. Extracting by manifest.
2225 silly tarball no local data for isexe@https://registry.npmjs.org/isexe/-/isexe-2.0.0.tgz. Extracting by manifest.
2226 silly tarball no local data for punycode@https://registry.npmjs.org/punycode/-/punycode-2.3.1.tgz. Extracting by manifest.
2227 silly tarball no local data for which-boxed-primitive@https://registry.npmjs.org/which-boxed-primitive/-/which-boxed-primitive-1.1.0.tgz. Extracting by manifest.
2228 silly tarball no local data for has-bigints@https://registry.npmjs.org/has-bigints/-/has-bigints-1.0.2.tgz. Extracting by manifest.
2229 silly tarball no local data for is-bigint@https://registry.npmjs.org/is-bigint/-/is-bigint-1.1.0.tgz. Extracting by manifest.
2230 silly tarball no local data for for-each@https://registry.npmjs.org/for-each/-/for-each-0.3.3.tgz. Extracting by manifest.
2231 silly tarball no local data for minimist@https://registry.npmjs.org/minimist/-/minimist-1.2.8.tgz. Extracting by manifest.
2232 silly tarball no local data for strip-bom@https://registry.npmjs.org/strip-bom/-/strip-bom-3.0.0.tgz. Extracting by manifest.
2233 silly tarball no local data for json5@https://registry.npmjs.org/json5/-/json5-1.0.2.tgz. Extracting by manifest.
2234 silly tarball no local data for @types/json5@https://registry.npmjs.org/@types/json5/-/json5-0.0.29.tgz. Extracting by manifest.
2235 silly tarball no local data for is-number@https://registry.npmjs.org/is-number/-/is-number-7.0.0.tgz. Extracting by manifest.
2236 silly tarball no local data for thenify@https://registry.npmjs.org/thenify/-/thenify-3.3.1.tgz. Extracting by manifest.
2237 silly tarball no local data for thenify-all@https://registry.npmjs.org/thenify-all/-/thenify-all-1.6.0.tgz. Extracting by manifest.
2238 silly tarball no local data for any-promise@https://registry.npmjs.org/any-promise/-/any-promise-1.3.0.tgz. Extracting by manifest.
2239 silly tarball no local data for @jridgewell/resolve-uri@https://registry.npmjs.org/@jridgewell/resolve-uri/-/resolve-uri-3.1.2.tgz. Extracting by manifest.
2240 silly tarball no local data for @jridgewell/trace-mapping@https://registry.npmjs.org/@jridgewell/trace-mapping/-/trace-mapping-0.3.25.tgz. Extracting by manifest.
2241 silly tarball no local data for @jridgewell/set-array@https://registry.npmjs.org/@jridgewell/set-array/-/set-array-1.2.1.tgz. Extracting by manifest.
2242 silly tarball no local data for @jridgewell/sourcemap-codec@https://registry.npmjs.org/@jridgewell/sourcemap-codec/-/sourcemap-codec-1.5.0.tgz. Extracting by manifest.
2243 silly tarball no local data for ts-interface-checker@https://registry.npmjs.org/ts-interface-checker/-/ts-interface-checker-0.1.13.tgz. Extracting by manifest.
2244 silly tarball no local data for pirates@https://registry.npmjs.org/pirates/-/pirates-4.0.6.tgz. Extracting by manifest.
2245 silly tarball no local data for mz@https://registry.npmjs.org/mz/-/mz-2.7.0.tgz. Extracting by manifest.
2246 silly tarball no local data for lines-and-columns@https://registry.npmjs.org/lines-and-columns/-/lines-and-columns-1.2.4.tgz. Extracting by manifest.
2247 silly tarball no local data for commander@https://registry.npmjs.org/commander/-/commander-4.1.1.tgz. Extracting by manifest.
2248 silly tarball no local data for @jridgewell/gen-mapping@https://registry.npmjs.org/@jridgewell/gen-mapping/-/gen-mapping-0.3.5.tgz. Extracting by manifest.
2249 silly tarball no local data for pify@https://registry.npmjs.org/pify/-/pify-2.3.0.tgz. Extracting by manifest.
2250 silly tarball no local data for cssesc@https://registry.npmjs.org/cssesc/-/cssesc-3.0.0.tgz. Extracting by manifest.
2251 silly tarball no local data for camelcase-css@https://registry.npmjs.org/camelcase-css/-/camelcase-css-2.0.1.tgz. Extracting by manifest.
2252 silly tarball no local data for yaml@https://registry.npmjs.org/yaml/-/yaml-2.6.1.tgz. Extracting by manifest.
2253 silly tarball no local data for util-deprecate@https://registry.npmjs.org/util-deprecate/-/util-deprecate-1.0.2.tgz. Extracting by manifest.
2254 silly tarball no local data for read-cache@https://registry.npmjs.org/read-cache/-/read-cache-1.0.0.tgz. Extracting by manifest.
2255 silly tarball no local data for postcss-value-parser@https://registry.npmjs.org/postcss-value-parser/-/postcss-value-parser-4.2.0.tgz. Extracting by manifest.
2256 silly tarball no local data for readdirp@https://registry.npmjs.org/readdirp/-/readdirp-3.6.0.tgz. Extracting by manifest.
2257 silly tarball no local data for binary-extensions@https://registry.npmjs.org/binary-extensions/-/binary-extensions-2.3.0.tgz. Extracting by manifest.
2258 silly tarball no local data for is-binary-path@https://registry.npmjs.org/is-binary-path/-/is-binary-path-2.1.0.tgz. Extracting by manifest.
2259 silly tarball no local data for anymatch@https://registry.npmjs.org/anymatch/-/anymatch-3.1.3.tgz. Extracting by manifest.
2260 silly tarball no local data for sucrase@https://registry.npmjs.org/sucrase/-/sucrase-3.35.0.tgz. Extracting by manifest.
2261 silly tarball no local data for postcss-selector-parser@https://registry.npmjs.org/postcss-selector-parser/-/postcss-selector-parser-6.1.2.tgz. Extracting by manifest.
2262 silly tarball no local data for postcss-nested@https://registry.npmjs.org/postcss-nested/-/postcss-nested-6.2.0.tgz. Extracting by manifest.
2263 silly tarball no local data for postcss-load-config@https://registry.npmjs.org/postcss-load-config/-/postcss-load-config-4.0.2.tgz. Extracting by manifest.
2264 silly tarball no local data for postcss-import@https://registry.npmjs.org/postcss-import/-/postcss-import-15.1.0.tgz. Extracting by manifest.
2265 silly tarball no local data for postcss-js@https://registry.npmjs.org/postcss-js/-/postcss-js-4.0.1.tgz. Extracting by manifest.
2266 silly tarball no local data for object-hash@https://registry.npmjs.org/object-hash/-/object-hash-3.0.0.tgz. Extracting by manifest.
2267 silly tarball no local data for normalize-path@https://registry.npmjs.org/normalize-path/-/normalize-path-3.0.0.tgz. Extracting by manifest.
2268 silly tarball no local data for lilconfig@https://registry.npmjs.org/lilconfig/-/lilconfig-3.1.3.tgz. Extracting by manifest.
2269 silly tarball no local data for jiti@https://registry.npmjs.org/jiti/-/jiti-1.21.6.tgz. Extracting by manifest.
2270 silly tarball no local data for dlv@https://registry.npmjs.org/dlv/-/dlv-1.1.3.tgz. Extracting by manifest.
2271 silly tarball no local data for didyoumean@https://registry.npmjs.org/didyoumean/-/didyoumean-1.2.2.tgz. Extracting by manifest.
2272 silly tarball no local data for chokidar@https://registry.npmjs.org/chokidar/-/chokidar-3.6.0.tgz. Extracting by manifest.
2273 silly tarball no local data for arg@https://registry.npmjs.org/arg/-/arg-5.0.2.tgz. Extracting by manifest.
2274 silly tarball no local data for @alloc/quick-lru@https://registry.npmjs.org/@alloc/quick-lru/-/quick-lru-5.2.0.tgz. Extracting by manifest.
2275 silly tarball no local data for has-flag@https://registry.npmjs.org/has-flag/-/has-flag-4.0.0.tgz. Extracting by manifest.
2276 silly tarball no local data for client-only@https://registry.npmjs.org/client-only/-/client-only-0.0.1.tgz. Extracting by manifest.
2277 silly tarball no local data for is-arrayish@https://registry.npmjs.org/is-arrayish/-/is-arrayish-0.3.2.tgz. Extracting by manifest.
2278 silly tarball no local data for shebang-regex@https://registry.npmjs.org/shebang-regex/-/shebang-regex-3.0.0.tgz. Extracting by manifest.
2279 silly tarball no local data for ansi-regex@https://registry.npmjs.org/ansi-regex/-/ansi-regex-5.0.1.tgz. Extracting by manifest.
2280 silly tarball no local data for simple-swizzle@https://registry.npmjs.org/simple-swizzle/-/simple-swizzle-0.2.2.tgz. Extracting by manifest.
2281 silly tarball no local data for detect-libc@https://registry.npmjs.org/detect-libc/-/detect-libc-2.0.3.tgz. Extracting by manifest.
2282 silly tarball no local data for @emnapi/runtime@https://registry.npmjs.org/@emnapi/runtime/-/runtime-1.3.1.tgz. Extracting by manifest.
2283 silly tarball no local data for color-string@https://registry.npmjs.org/color-string/-/color-string-1.9.1.tgz. Extracting by manifest.
2284 silly tarball no local data for @img/sharp-win32-x64@https://registry.npmjs.org/@img/sharp-win32-x64/-/sharp-win32-x64-0.33.5.tgz. Extracting by manifest.
2285 silly tarball no local data for color@https://registry.npmjs.org/color/-/color-4.2.3.tgz. Extracting by manifest.
2286 silly tarball no local data for isarray@https://registry.npmjs.org/isarray/-/isarray-2.0.5.tgz. Extracting by manifest.
2287 silly tarball no local data for wrappy@https://registry.npmjs.org/wrappy/-/wrappy-1.0.2.tgz. Extracting by manifest.
2288 silly tarball no local data for queue-microtask@https://registry.npmjs.org/queue-microtask/-/queue-microtask-1.2.3.tgz. Extracting by manifest.
2289 silly tarball no local data for path-is-absolute@https://registry.npmjs.org/path-is-absolute/-/path-is-absolute-1.0.1.tgz. Extracting by manifest.
2290 silly tarball no local data for inherits@https://registry.npmjs.org/inherits/-/inherits-2.0.4.tgz. Extracting by manifest.
2291 silly tarball no local data for once@https://registry.npmjs.org/once/-/once-1.4.0.tgz. Extracting by manifest.
2292 silly tarball no local data for inflight@https://registry.npmjs.org/inflight/-/inflight-1.0.6.tgz. Extracting by manifest.
2293 silly tarball no local data for fs.realpath@https://registry.npmjs.org/fs.realpath/-/fs.realpath-1.0.0.tgz. Extracting by manifest.
2294 silly tarball no local data for glob@https://registry.npmjs.org/glob/-/glob-7.2.3.tgz. Extracting by manifest.
2295 silly tarball no local data for supports-preserve-symlinks-flag@https://registry.npmjs.org/supports-preserve-symlinks-flag/-/supports-preserve-symlinks-flag-1.0.0.tgz. Extracting by manifest.
2296 silly tarball no local data for which-builtin-type@https://registry.npmjs.org/which-builtin-type/-/which-builtin-type-1.2.0.tgz. Extracting by manifest.
2297 silly tarball no local data for scheduler@https://registry.npmjs.org/scheduler/-/scheduler-0.25.0-rc-66855b96-20241106.tgz. Extracting by manifest.
2298 silly tarball no local data for js-tokens@https://registry.npmjs.org/js-tokens/-/js-tokens-4.0.0.tgz. Extracting by manifest.
2299 silly tarball no local data for react-is@https://registry.npmjs.org/react-is/-/react-is-16.13.1.tgz. Extracting by manifest.
2300 silly tarball no local data for path-parse@https://registry.npmjs.org/path-parse/-/path-parse-1.0.7.tgz. Extracting by manifest.
2301 silly tarball no local data for object-assign@https://registry.npmjs.org/object-assign/-/object-assign-4.1.1.tgz. Extracting by manifest.
2302 silly tarball no local data for loose-envify@https://registry.npmjs.org/loose-envify/-/loose-envify-1.4.0.tgz. Extracting by manifest.
2303 silly tarball no local data for source-map-js@https://registry.npmjs.org/source-map-js/-/source-map-js-1.2.1.tgz. Extracting by manifest.
2304 silly tarball no local data for picocolors@https://registry.npmjs.org/picocolors/-/picocolors-1.1.1.tgz. Extracting by manifest.
2305 silly tarball no local data for nanoid@https://registry.npmjs.org/nanoid/-/nanoid-3.3.8.tgz. Extracting by manifest.
2306 silly tarball no local data for callsites@https://registry.npmjs.org/callsites/-/callsites-3.1.0.tgz. Extracting by manifest.
2307 silly tarball no local data for p-limit@https://registry.npmjs.org/p-limit/-/p-limit-3.1.0.tgz. Extracting by manifest.
2308 silly tarball no local data for yocto-queue@https://registry.npmjs.org/yocto-queue/-/yocto-queue-0.1.0.tgz. Extracting by manifest.
2309 silly tarball no local data for word-wrap@https://registry.npmjs.org/word-wrap/-/word-wrap-1.2.5.tgz. Extracting by manifest.
2310 silly tarball no local data for fast-levenshtein@https://registry.npmjs.org/fast-levenshtein/-/fast-levenshtein-2.0.6.tgz. Extracting by manifest.
2311 silly tarball no local data for tslib@https://registry.npmjs.org/tslib/-/tslib-2.8.1.tgz. Extracting by manifest.
2312 silly tarball no local data for streamsearch@https://registry.npmjs.org/streamsearch/-/streamsearch-1.1.0.tgz. Extracting by manifest.
2313 silly tarball no local data for deep-is@https://registry.npmjs.org/deep-is/-/deep-is-0.1.4.tgz. Extracting by manifest.
2314 silly tarball no local data for styled-jsx@https://registry.npmjs.org/styled-jsx/-/styled-jsx-5.1.6.tgz. Extracting by manifest.
2315 silly tarball no local data for sharp@https://registry.npmjs.org/sharp/-/sharp-0.33.5.tgz. Extracting by manifest.
2316 silly tarball no local data for busboy@https://registry.npmjs.org/busboy/-/busboy-1.6.0.tgz. Extracting by manifest.
2317 silly tarball no local data for caniuse-lite@https://registry.npmjs.org/caniuse-lite/-/caniuse-lite-1.0.30001686.tgz. Extracting by manifest.
2318 silly tarball no local data for @swc/helpers@https://registry.npmjs.org/@swc/helpers/-/helpers-0.5.13.tgz. Extracting by manifest.
2319 silly tarball no local data for @swc/counter@https://registry.npmjs.org/@swc/counter/-/counter-0.1.3.tgz. Extracting by manifest.
2320 silly tarball no local data for @next/env@https://registry.npmjs.org/@next/env/-/env-15.0.3.tgz. Extracting by manifest.
2321 silly tarball no local data for concat-map@https://registry.npmjs.org/concat-map/-/concat-map-0.0.1.tgz. Extracting by manifest.
2322 silly tarball no local data for balanced-match@https://registry.npmjs.org/balanced-match/-/balanced-match-1.0.2.tgz. Extracting by manifest.
2323 silly tarball no local data for brace-expansion@https://registry.npmjs.org/brace-expansion/-/brace-expansion-1.1.11.tgz. Extracting by manifest.
2324 silly tarball no local data for to-regex-range@https://registry.npmjs.org/to-regex-range/-/to-regex-range-5.0.1.tgz. Extracting by manifest.
2325 silly tarball no local data for fill-range@https://registry.npmjs.org/fill-range/-/fill-range-7.1.1.tgz. Extracting by manifest.
2326 silly tarball no local data for picomatch@https://registry.npmjs.org/picomatch/-/picomatch-2.3.1.tgz. Extracting by manifest.
2327 silly tarball no local data for braces@https://registry.npmjs.org/braces/-/braces-3.0.3.tgz. Extracting by manifest.
2328 silly tarball no local data for p-locate@https://registry.npmjs.org/p-locate/-/p-locate-5.0.0.tgz. Extracting by manifest.
2329 silly tarball no local data for type-check@https://registry.npmjs.org/type-check/-/type-check-0.4.0.tgz. Extracting by manifest.
2330 silly tarball no local data for prelude-ls@https://registry.npmjs.org/prelude-ls/-/prelude-ls-1.2.1.tgz. Extracting by manifest.
2331 silly tarball no local data for language-subtag-registry@https://registry.npmjs.org/language-subtag-registry/-/language-subtag-registry-0.3.23.tgz. Extracting by manifest.
2332 silly tarball no local data for json-buffer@https://registry.npmjs.org/json-buffer/-/json-buffer-3.0.1.tgz. Extracting by manifest.
2333 silly tarball no local data for argparse@https://registry.npmjs.org/argparse/-/argparse-2.0.1.tgz. Extracting by manifest.
2334 silly tarball no local data for set-function-name@https://registry.npmjs.org/set-function-name/-/set-function-name-2.0.2.tgz. Extracting by manifest.
2335 silly tarball no local data for reflect.getprototypeof@https://registry.npmjs.org/reflect.getprototypeof/-/reflect.getprototypeof-1.0.7.tgz. Extracting by manifest.
2336 silly tarball no local data for is-extglob@https://registry.npmjs.org/is-extglob/-/is-extglob-2.1.1.tgz. Extracting by manifest.
2337 silly tarball no local data for side-channel@https://registry.npmjs.org/side-channel/-/side-channel-1.0.6.tgz. Extracting by manifest.
2338 silly tarball no local data for resolve-from@https://registry.npmjs.org/resolve-from/-/resolve-from-4.0.0.tgz. Extracting by manifest.
2339 silly tarball no local data for parent-module@https://registry.npmjs.org/parent-module/-/parent-module-1.0.1.tgz. Extracting by manifest.
2340 silly tarball no local data for type-fest@https://registry.npmjs.org/type-fest/-/type-fest-0.20.2.tgz. Extracting by manifest.
2341 silly tarball no local data for resolve-pkg-maps@https://registry.npmjs.org/resolve-pkg-maps/-/resolve-pkg-maps-1.0.0.tgz. Extracting by manifest.
2342 silly tarball no local data for functions-have-names@https://registry.npmjs.org/functions-have-names/-/functions-have-names-1.2.3.tgz. Extracting by manifest.
2343 silly tarball no local data for rimraf@https://registry.npmjs.org/rimraf/-/rimraf-3.0.2.tgz. Extracting by manifest.
2344 silly tarball no local data for keyv@https://registry.npmjs.org/keyv/-/keyv-4.5.4.tgz. Extracting by manifest.
2345 silly tarball no local data for @next/swc-win32-x64-msvc@https://registry.npmjs.org/@next/swc-win32-x64-msvc/-/swc-win32-x64-msvc-15.0.3.tgz. Extracting by manifest.
2346 silly tarball no local data for flatted@https://registry.npmjs.org/flatted/-/flatted-3.3.2.tgz. Extracting by manifest.
2347 silly tarball no local data for path-exists@https://registry.npmjs.org/path-exists/-/path-exists-4.0.0.tgz. Extracting by manifest.
2348 silly tarball no local data for locate-path@https://registry.npmjs.org/locate-path/-/locate-path-6.0.0.tgz. Extracting by manifest.
2349 silly tarball no local data for flat-cache@https://registry.npmjs.org/flat-cache/-/flat-cache-3.2.0.tgz. Extracting by manifest.
2350 silly tarball no local data for reusify@https://registry.npmjs.org/reusify/-/reusify-1.0.4.tgz. Extracting by manifest.
2351 silly tarball no local data for micromatch@https://registry.npmjs.org/micromatch/-/micromatch-4.0.8.tgz. Extracting by manifest.
2352 silly tarball no local data for merge2@https://registry.npmjs.org/merge2/-/merge2-1.4.1.tgz. Extracting by manifest.
2353 silly tarball no local data for acorn@https://registry.npmjs.org/acorn/-/acorn-8.14.0.tgz. Extracting by manifest.
2354 silly tarball no local data for acorn-jsx@https://registry.npmjs.org/acorn-jsx/-/acorn-jsx-5.3.2.tgz. Extracting by manifest.
2355 silly tarball no local data for esrecurse@https://registry.npmjs.org/esrecurse/-/esrecurse-4.3.0.tgz. Extracting by manifest.
2356 silly tarball no local data for iterator.prototype@https://registry.npmjs.org/iterator.prototype/-/iterator.prototype-1.1.3.tgz. Extracting by manifest.
2357 silly tarball no local data for string.prototype.repeat@https://registry.npmjs.org/string.prototype.repeat/-/string.prototype.repeat-1.0.0.tgz. Extracting by manifest.
2358 silly tarball no local data for string.prototype.matchall@https://registry.npmjs.org/string.prototype.matchall/-/string.prototype.matchall-4.0.11.tgz. Extracting by manifest.
2359 silly tarball no local data for object.entries@https://registry.npmjs.org/object.entries/-/object.entries-1.1.8.tgz. Extracting by manifest.
2360 silly tarball no local data for estraverse@https://registry.npmjs.org/estraverse/-/estraverse-5.3.0.tgz. Extracting by manifest.
2361 silly tarball no local data for es-iterator-helpers@https://registry.npmjs.org/es-iterator-helpers/-/es-iterator-helpers-1.2.0.tgz. Extracting by manifest.
2362 silly tarball no local data for array.prototype.tosorted@https://registry.npmjs.org/array.prototype.tosorted/-/array.prototype.tosorted-1.1.4.tgz. Extracting by manifest.
2363 silly tarball no local data for array.prototype.findlast@https://registry.npmjs.org/array.prototype.findlast/-/array.prototype.findlast-1.2.5.tgz. Extracting by manifest.
2364 silly tarball no local data for string.prototype.includes@https://registry.npmjs.org/string.prototype.includes/-/string.prototype.includes-2.0.1.tgz. Extracting by manifest.
2365 silly tarball no local data for language-tags@https://registry.npmjs.org/language-tags/-/language-tags-1.0.9.tgz. Extracting by manifest.
2366 silly tarball no local data for emoji-regex@https://registry.npmjs.org/emoji-regex/-/emoji-regex-9.2.2.tgz. Extracting by manifest.
2367 silly tarball no local data for jsx-ast-utils@https://registry.npmjs.org/jsx-ast-utils/-/jsx-ast-utils-3.3.5.tgz. Extracting by manifest.
2368 silly tarball no local data for axobject-query@https://registry.npmjs.org/axobject-query/-/axobject-query-4.1.0.tgz. Extracting by manifest.
2369 silly tarball no local data for ast-types-flow@https://registry.npmjs.org/ast-types-flow/-/ast-types-flow-0.0.8.tgz. Extracting by manifest.
2370 silly tarball no local data for axe-core@https://registry.npmjs.org/axe-core/-/axe-core-4.10.2.tgz. Extracting by manifest.
2371 silly tarball no local data for aria-query@https://registry.npmjs.org/aria-query/-/aria-query-5.3.2.tgz. Extracting by manifest.
2372 silly tarball no local data for is-symbol@https://registry.npmjs.org/is-symbol/-/is-symbol-1.1.0.tgz. Extracting by manifest.
2373 silly tarball no local data for has-tostringtag@https://registry.npmjs.org/has-tostringtag/-/has-tostringtag-1.0.2.tgz. Extracting by manifest.
2374 silly tarball no local data for is-date-object@https://registry.npmjs.org/is-date-object/-/is-date-object-1.0.5.tgz. Extracting by manifest.
2375 silly tarball no local data for possible-typed-array-names@https://registry.npmjs.org/possible-typed-array-names/-/possible-typed-array-names-1.0.0.tgz. Extracting by manifest.
2376 silly tarball no local data for which-typed-array@https://registry.npmjs.org/which-typed-array/-/which-typed-array-1.1.16.tgz. Extracting by manifest.
2377 silly tarball no local data for unbox-primitive@https://registry.npmjs.org/unbox-primitive/-/unbox-primitive-1.0.2.tgz. Extracting by manifest.
2378 silly tarball no local data for typed-array-length@https://registry.npmjs.org/typed-array-length/-/typed-array-length-1.0.7.tgz. Extracting by manifest.
2379 silly tarball no local data for typed-array-byte-offset@https://registry.npmjs.org/typed-array-byte-offset/-/typed-array-byte-offset-1.0.3.tgz. Extracting by manifest.
2380 silly tarball no local data for typed-array-byte-length@https://registry.npmjs.org/typed-array-byte-length/-/typed-array-byte-length-1.0.1.tgz. Extracting by manifest.
2381 silly tarball no local data for string.prototype.trimstart@https://registry.npmjs.org/string.prototype.trimstart/-/string.prototype.trimstart-1.0.8.tgz. Extracting by manifest.
2382 silly tarball no local data for typed-array-buffer@https://registry.npmjs.org/typed-array-buffer/-/typed-array-buffer-1.0.2.tgz. Extracting by manifest.
2383 silly tarball no local data for string.prototype.trim@https://registry.npmjs.org/string.prototype.trim/-/string.prototype.trim-1.2.9.tgz. Extracting by manifest.
2384 silly tarball no local data for safe-regex-test@https://registry.npmjs.org/safe-regex-test/-/safe-regex-test-1.0.3.tgz. Extracting by manifest.
2385 silly tarball no local data for prop-types@https://registry.npmjs.org/prop-types/-/prop-types-15.8.1.tgz. Extracting by manifest.
2386 silly tarball no local data for safe-array-concat@https://registry.npmjs.org/safe-array-concat/-/safe-array-concat-1.1.2.tgz. Extracting by manifest.
2387 silly tarball no local data for regexp.prototype.flags@https://registry.npmjs.org/regexp.prototype.flags/-/regexp.prototype.flags-1.5.3.tgz. Extracting by manifest.
2388 silly tarball no local data for object.assign@https://registry.npmjs.org/object.assign/-/object.assign-4.1.5.tgz. Extracting by manifest.
2389 silly tarball no local data for object-inspect@https://registry.npmjs.org/object-inspect/-/object-inspect-1.13.3.tgz. Extracting by manifest.
2390 silly tarball no local data for is-typed-array@https://registry.npmjs.org/is-typed-array/-/is-typed-array-1.1.13.tgz. Extracting by manifest.
2391 silly tarball no local data for is-weakref@https://registry.npmjs.org/is-weakref/-/is-weakref-1.0.2.tgz. Extracting by manifest.
2392 silly tarball no local data for is-shared-array-buffer@https://registry.npmjs.org/is-shared-array-buffer/-/is-shared-array-buffer-1.0.3.tgz. Extracting by manifest.
2393 silly tarball no local data for is-negative-zero@https://registry.npmjs.org/is-negative-zero/-/is-negative-zero-2.0.3.tgz. Extracting by manifest.
2394 silly tarball no local data for is-data-view@https://registry.npmjs.org/is-data-view/-/is-data-view-1.0.1.tgz. Extracting by manifest.
2395 silly tarball no local data for is-callable@https://registry.npmjs.org/is-callable/-/is-callable-1.2.7.tgz. Extracting by manifest.
2396 silly tarball no local data for is-array-buffer@https://registry.npmjs.org/is-array-buffer/-/is-array-buffer-3.0.4.tgz. Extracting by manifest.
2397 silly tarball no local data for internal-slot@https://registry.npmjs.org/internal-slot/-/internal-slot-1.0.7.tgz. Extracting by manifest.
2398 silly tarball no local data for has-symbols@https://registry.npmjs.org/has-symbols/-/has-symbols-1.1.0.tgz. Extracting by manifest.
2399 silly tarball no local data for globalthis@https://registry.npmjs.org/globalthis/-/globalthis-1.0.4.tgz. Extracting by manifest.
2400 silly tarball no local data for has-proto@https://registry.npmjs.org/has-proto/-/has-proto-1.1.0.tgz. Extracting by manifest.
2401 silly tarball no local data for get-symbol-description@https://registry.npmjs.org/get-symbol-description/-/get-symbol-description-1.0.2.tgz. Extracting by manifest.
2402 silly tarball no local data for function.prototype.name@https://registry.npmjs.org/function.prototype.name/-/function.prototype.name-1.1.6.tgz. Extracting by manifest.
2403 silly tarball no local data for es-set-tostringtag@https://registry.npmjs.org/es-set-tostringtag/-/es-set-tostringtag-2.0.3.tgz. Extracting by manifest.
2404 silly tarball no local data for es-to-primitive@https://registry.npmjs.org/es-to-primitive/-/es-to-primitive-1.3.0.tgz. Extracting by manifest.
2405 silly tarball no local data for data-view-byte-offset@https://registry.npmjs.org/data-view-byte-offset/-/data-view-byte-offset-1.0.0.tgz. Extracting by manifest.
2406 silly tarball no local data for data-view-byte-length@https://registry.npmjs.org/data-view-byte-length/-/data-view-byte-length-1.0.1.tgz. Extracting by manifest.
2407 silly tarball no local data for data-view-buffer@https://registry.npmjs.org/data-view-buffer/-/data-view-buffer-1.0.1.tgz. Extracting by manifest.
2408 silly tarball no local data for arraybuffer.prototype.slice@https://registry.npmjs.org/arraybuffer.prototype.slice/-/arraybuffer.prototype.slice-1.0.3.tgz. Extracting by manifest.
2409 silly tarball no local data for available-typed-arrays@https://registry.npmjs.org/available-typed-arrays/-/available-typed-arrays-1.0.7.tgz. Extracting by manifest.
2410 silly tarball no local data for array-buffer-byte-length@https://registry.npmjs.org/array-buffer-byte-length/-/array-buffer-byte-length-1.0.1.tgz. Extracting by manifest.
2411 silly tarball no local data for is-regex@https://registry.npmjs.org/is-regex/-/is-regex-1.2.0.tgz. Extracting by manifest.
2412 silly tarball no local data for gopd@https://registry.npmjs.org/gopd/-/gopd-1.2.0.tgz. Extracting by manifest.
2413 silly tarball no local data for object-keys@https://registry.npmjs.org/object-keys/-/object-keys-1.1.1.tgz. Extracting by manifest.
2414 silly tarball no local data for has-property-descriptors@https://registry.npmjs.org/has-property-descriptors/-/has-property-descriptors-1.0.2.tgz. Extracting by manifest.
2415 silly tarball no local data for define-data-property@https://registry.npmjs.org/define-data-property/-/define-data-property-1.1.4.tgz. Extracting by manifest.
2416 silly tarball no local data for set-function-length@https://registry.npmjs.org/set-function-length/-/set-function-length-1.2.2.tgz. Extracting by manifest.
2417 silly tarball no local data for function-bind@https://registry.npmjs.org/function-bind/-/function-bind-1.1.2.tgz. Extracting by manifest.
2418 silly tarball no local data for es-define-property@https://registry.npmjs.org/es-define-property/-/es-define-property-1.0.0.tgz. Extracting by manifest.
2419 silly tarball no local data for es-shim-unscopables@https://registry.npmjs.org/es-shim-unscopables/-/es-shim-unscopables-1.0.2.tgz. Extracting by manifest.
2420 silly tarball no local data for es-errors@https://registry.npmjs.org/es-errors/-/es-errors-1.3.0.tgz. Extracting by manifest.
2421 silly tarball no local data for is-string@https://registry.npmjs.org/is-string/-/is-string-1.1.0.tgz. Extracting by manifest.
2422 silly tarball no local data for get-intrinsic@https://registry.npmjs.org/get-intrinsic/-/get-intrinsic-1.2.4.tgz. Extracting by manifest.
2423 silly tarball no local data for es-object-atoms@https://registry.npmjs.org/es-object-atoms/-/es-object-atoms-1.0.0.tgz. Extracting by manifest.
2424 silly tarball no local data for es-abstract@https://registry.npmjs.org/es-abstract/-/es-abstract-1.23.5.tgz. Extracting by manifest.
2425 silly tarball no local data for define-properties@https://registry.npmjs.org/define-properties/-/define-properties-1.2.1.tgz. Extracting by manifest.
2426 silly tarball no local data for damerau-levenshtein@https://registry.npmjs.org/damerau-levenshtein/-/damerau-levenshtein-1.0.8.tgz. Extracting by manifest.
2427 silly tarball no local data for call-bind@https://registry.npmjs.org/call-bind/-/call-bind-1.0.7.tgz. Extracting by manifest.
2428 silly tarball no local data for tsconfig-paths@https://registry.npmjs.org/tsconfig-paths/-/tsconfig-paths-3.15.0.tgz. Extracting by manifest.
2429 silly tarball no local data for object.groupby@https://registry.npmjs.org/object.groupby/-/object.groupby-1.0.3.tgz. Extracting by manifest.
2430 silly tarball no local data for object.values@https://registry.npmjs.org/object.values/-/object.values-1.2.0.tgz. Extracting by manifest.
2431 silly tarball no local data for object.fromentries@https://registry.npmjs.org/object.fromentries/-/object.fromentries-2.0.8.tgz. Extracting by manifest.
2432 silly tarball no local data for eslint-module-utils@https://registry.npmjs.org/eslint-module-utils/-/eslint-module-utils-2.12.0.tgz. Extracting by manifest.
2433 silly tarball no local data for hasown@https://registry.npmjs.org/hasown/-/hasown-2.0.2.tgz. Extracting by manifest.
2434 silly tarball no local data for array.prototype.flatmap@https://registry.npmjs.org/array.prototype.flatmap/-/array.prototype.flatmap-1.3.2.tgz. Extracting by manifest.
2435 silly tarball no local data for string.prototype.trimend@https://registry.npmjs.org/string.prototype.trimend/-/string.prototype.trimend-1.0.8.tgz. Extracting by manifest.
2436 silly tarball no local data for array.prototype.findlastindex@https://registry.npmjs.org/array.prototype.findlastindex/-/array.prototype.findlastindex-1.2.5.tgz. Extracting by manifest.
2437 silly tarball no local data for array.prototype.flat@https://registry.npmjs.org/array.prototype.flat/-/array.prototype.flat-1.3.2.tgz. Extracting by manifest.
2438 silly tarball no local data for array-includes@https://registry.npmjs.org/array-includes/-/array-includes-3.1.8.tgz. Extracting by manifest.
2439 silly tarball no local data for graceful-fs@https://registry.npmjs.org/graceful-fs/-/graceful-fs-4.2.11.tgz. Extracting by manifest.
2440 silly tarball no local data for tapable@https://registry.npmjs.org/tapable/-/tapable-2.2.1.tgz. Extracting by manifest.
2441 silly tarball no local data for stable-hash@https://registry.npmjs.org/stable-hash/-/stable-hash-0.0.4.tgz. Extracting by manifest.
2442 silly tarball no local data for is-bun-module@https://registry.npmjs.org/is-bun-module/-/is-bun-module-1.3.0.tgz. Extracting by manifest.
2443 silly tarball no local data for get-tsconfig@https://registry.npmjs.org/get-tsconfig/-/get-tsconfig-4.8.1.tgz. Extracting by manifest.
2444 silly tarball no local data for enhanced-resolve@https://registry.npmjs.org/enhanced-resolve/-/enhanced-resolve-5.17.1.tgz. Extracting by manifest.
2445 silly tarball no local data for @nolyfill/is-core-module@https://registry.npmjs.org/@nolyfill/is-core-module/-/is-core-module-1.0.39.tgz. Extracting by manifest.
2446 silly tarball no local data for resolve@https://registry.npmjs.org/resolve/-/resolve-1.22.8.tgz. Extracting by manifest.
2447 silly tarball no local data for @rtsao/scc@https://registry.npmjs.org/@rtsao/scc/-/scc-1.1.0.tgz. Extracting by manifest.
2448 silly tarball no local data for is-core-module@https://registry.npmjs.org/is-core-module/-/is-core-module-2.15.1.tgz. Extracting by manifest.
2449 silly tarball no local data for @typescript-eslint/typescript-estree@https://registry.npmjs.org/@typescript-eslint/typescript-estree/-/typescript-estree-8.17.0.tgz. Extracting by manifest.
2450 silly tarball no local data for ts-api-utils@https://registry.npmjs.org/ts-api-utils/-/ts-api-utils-1.4.3.tgz. Extracting by manifest.
2451 silly tarball no local data for @typescript-eslint/types@https://registry.npmjs.org/@typescript-eslint/types/-/types-8.17.0.tgz. Extracting by manifest.
2452 silly tarball no local data for @typescript-eslint/visitor-keys@https://registry.npmjs.org/@typescript-eslint/visitor-keys/-/visitor-keys-8.17.0.tgz. Extracting by manifest.
2453 silly tarball no local data for @typescript-eslint/type-utils@https://registry.npmjs.org/@typescript-eslint/type-utils/-/type-utils-8.17.0.tgz. Extracting by manifest.
2454 silly tarball no local data for @typescript-eslint/utils@https://registry.npmjs.org/@typescript-eslint/utils/-/utils-8.17.0.tgz. Extracting by manifest.
2455 silly tarball no local data for eslint-plugin-react-hooks@https://registry.npmjs.org/eslint-plugin-react-hooks/-/eslint-plugin-react-hooks-5.0.0.tgz. Extracting by manifest.
2456 silly tarball no local data for @typescript-eslint/scope-manager@https://registry.npmjs.org/@typescript-eslint/scope-manager/-/scope-manager-8.17.0.tgz. Extracting by manifest.
2457 silly tarball no local data for eslint-plugin-react@https://registry.npmjs.org/eslint-plugin-react/-/eslint-plugin-react-7.37.2.tgz. Extracting by manifest.
2458 silly tarball no local data for eslint-plugin-jsx-a11y@https://registry.npmjs.org/eslint-plugin-jsx-a11y/-/eslint-plugin-jsx-a11y-6.10.2.tgz. Extracting by manifest.
2459 silly tarball no local data for eslint-plugin-import@https://registry.npmjs.org/eslint-plugin-import/-/eslint-plugin-import-2.31.0.tgz. Extracting by manifest.
2460 silly tarball no local data for eslint-import-resolver-typescript@https://registry.npmjs.org/eslint-import-resolver-typescript/-/eslint-import-resolver-typescript-3.7.0.tgz. Extracting by manifest.
2461 silly tarball no local data for eslint-import-resolver-node@https://registry.npmjs.org/eslint-import-resolver-node/-/eslint-import-resolver-node-0.3.9.tgz. Extracting by manifest.
2462 silly tarball no local data for @typescript-eslint/parser@https://registry.npmjs.org/@typescript-eslint/parser/-/parser-8.17.0.tgz. Extracting by manifest.
2463 silly tarball no local data for @typescript-eslint/eslint-plugin@https://registry.npmjs.org/@typescript-eslint/eslint-plugin/-/eslint-plugin-8.17.0.tgz. Extracting by manifest.
2464 silly tarball no local data for @rushstack/eslint-patch@https://registry.npmjs.org/@rushstack/eslint-patch/-/eslint-patch-1.10.4.tgz. Extracting by manifest.
2465 silly tarball no local data for @next/eslint-plugin-next@https://registry.npmjs.org/@next/eslint-plugin-next/-/eslint-plugin-next-15.0.3.tgz. Extracting by manifest.
2466 silly tarball no local data for fast-glob@https://registry.npmjs.org/fast-glob/-/fast-glob-3.3.1.tgz. Extracting by manifest.
2467 silly tarball no local data for ms@https://registry.npmjs.org/ms/-/ms-2.1.3.tgz. Extracting by manifest.
2468 silly tarball no local data for which@https://registry.npmjs.org/which/-/which-2.0.2.tgz. Extracting by manifest.
2469 silly tarball no local data for shebang-command@https://registry.npmjs.org/shebang-command/-/shebang-command-2.0.0.tgz. Extracting by manifest.
2470 silly tarball no local data for path-key@https://registry.npmjs.org/path-key/-/path-key-3.1.1.tgz. Extracting by manifest.
2471 silly tarball no local data for color-name@https://registry.npmjs.org/color-name/-/color-name-1.1.4.tgz. Extracting by manifest.
2472 silly tarball no local data for supports-color@https://registry.npmjs.org/supports-color/-/supports-color-7.2.0.tgz. Extracting by manifest.
2473 silly tarball no local data for ansi-styles@https://registry.npmjs.org/ansi-styles/-/ansi-styles-4.3.0.tgz. Extracting by manifest.
2474 silly tarball no local data for uri-js@https://registry.npmjs.org/uri-js/-/uri-js-4.4.1.tgz. Extracting by manifest.
2475 silly tarball no local data for color-convert@https://registry.npmjs.org/color-convert/-/color-convert-2.0.1.tgz. Extracting by manifest.
2476 silly tarball no local data for json-schema-traverse@https://registry.npmjs.org/json-schema-traverse/-/json-schema-traverse-0.4.1.tgz. Extracting by manifest.
2477 silly tarball no local data for fast-json-stable-stringify@https://registry.npmjs.org/fast-json-stable-stringify/-/fast-json-stable-stringify-2.1.0.tgz. Extracting by manifest.
2478 silly tarball no local data for run-parallel@https://registry.npmjs.org/run-parallel/-/run-parallel-1.2.0.tgz. Extracting by manifest.
2479 silly tarball no local data for @nodelib/fs.stat@https://registry.npmjs.org/@nodelib/fs.stat/-/fs.stat-2.0.5.tgz. Extracting by manifest.
2480 silly tarball no local data for fastq@https://registry.npmjs.org/fastq/-/fastq-1.17.1.tgz. Extracting by manifest.
2481 silly tarball no local data for @nodelib/fs.scandir@https://registry.npmjs.org/@nodelib/fs.scandir/-/fs.scandir-2.1.5.tgz. Extracting by manifest.
2482 silly tarball no local data for @humanwhocodes/object-schema@https://registry.npmjs.org/@humanwhocodes/object-schema/-/object-schema-2.0.3.tgz. Extracting by manifest.
2483 silly tarball no local data for strip-json-comments@https://registry.npmjs.org/strip-json-comments/-/strip-json-comments-3.1.1.tgz. Extracting by manifest.
2484 silly tarball no local data for import-fresh@https://registry.npmjs.org/import-fresh/-/import-fresh-3.3.0.tgz. Extracting by manifest.
2485 silly tarball no local data for text-table@https://registry.npmjs.org/text-table/-/text-table-0.2.0.tgz. Extracting by manifest.
2486 silly tarball no local data for strip-ansi@https://registry.npmjs.org/strip-ansi/-/strip-ansi-6.0.1.tgz. Extracting by manifest.
2487 silly tarball no local data for optionator@https://registry.npmjs.org/optionator/-/optionator-0.9.4.tgz. Extracting by manifest.
2488 silly tarball no local data for minimatch@https://registry.npmjs.org/minimatch/-/minimatch-3.1.2.tgz. Extracting by manifest.
2489 silly tarball no local data for natural-compare@https://registry.npmjs.org/natural-compare/-/natural-compare-1.4.0.tgz. Extracting by manifest.
2490 silly tarball no local data for lodash.merge@https://registry.npmjs.org/lodash.merge/-/lodash.merge-4.6.2.tgz. Extracting by manifest.
2491 silly tarball no local data for levn@https://registry.npmjs.org/levn/-/levn-0.4.1.tgz. Extracting by manifest.
2492 silly tarball no local data for js-yaml@https://registry.npmjs.org/js-yaml/-/js-yaml-4.1.0.tgz. Extracting by manifest.
2493 silly tarball no local data for json-stable-stringify-without-jsonify@https://registry.npmjs.org/json-stable-stringify-without-jsonify/-/json-stable-stringify-without-jsonify-1.0.1.tgz. Extracting by manifest.
2494 silly tarball no local data for is-path-inside@https://registry.npmjs.org/is-path-inside/-/is-path-inside-3.0.3.tgz. Extracting by manifest.
2495 silly tarball no local data for is-glob@https://registry.npmjs.org/is-glob/-/is-glob-4.0.3.tgz. Extracting by manifest.
2496 silly tarball no local data for imurmurhash@https://registry.npmjs.org/imurmurhash/-/imurmurhash-0.1.4.tgz. Extracting by manifest.
2497 silly tarball no local data for ignore@https://registry.npmjs.org/ignore/-/ignore-5.3.2.tgz. Extracting by manifest.
2498 silly tarball no local data for graphemer@https://registry.npmjs.org/graphemer/-/graphemer-1.4.0.tgz. Extracting by manifest.
2499 silly tarball no local data for globals@https://registry.npmjs.org/globals/-/globals-13.24.0.tgz. Extracting by manifest.
2500 silly tarball no local data for glob-parent@https://registry.npmjs.org/glob-parent/-/glob-parent-6.0.2.tgz. Extracting by manifest.
2501 silly tarball no local data for find-up@https://registry.npmjs.org/find-up/-/find-up-5.0.0.tgz. Extracting by manifest.
2502 silly tarball no local data for file-entry-cache@https://registry.npmjs.org/file-entry-cache/-/file-entry-cache-6.0.1.tgz. Extracting by manifest.
2503 silly tarball no local data for esutils@https://registry.npmjs.org/esutils/-/esutils-2.0.3.tgz. Extracting by manifest.
2504 silly tarball no local data for fast-deep-equal@https://registry.npmjs.org/fast-deep-equal/-/fast-deep-equal-3.1.3.tgz. Extracting by manifest.
2505 silly tarball no local data for esquery@https://registry.npmjs.org/esquery/-/esquery-1.6.0.tgz. Extracting by manifest.
2506 silly tarball no local data for eslint-visitor-keys@https://registry.npmjs.org/eslint-visitor-keys/-/eslint-visitor-keys-3.4.3.tgz. Extracting by manifest.
2507 silly tarball no local data for eslint-scope@https://registry.npmjs.org/eslint-scope/-/eslint-scope-7.2.2.tgz. Extracting by manifest.
2508 silly tarball no local data for escape-string-regexp@https://registry.npmjs.org/escape-string-regexp/-/escape-string-regexp-4.0.0.tgz. Extracting by manifest.
2509 silly tarball no local data for doctrine@https://registry.npmjs.org/doctrine/-/doctrine-3.0.0.tgz. Extracting by manifest.
2510 silly tarball no local data for debug@https://registry.npmjs.org/debug/-/debug-4.3.7.tgz. Extracting by manifest.
2511 silly tarball no local data for cross-spawn@https://registry.npmjs.org/cross-spawn/-/cross-spawn-7.0.6.tgz. Extracting by manifest.
2512 silly tarball no local data for chalk@https://registry.npmjs.org/chalk/-/chalk-4.1.2.tgz. Extracting by manifest.
2513 silly tarball no local data for ajv@https://registry.npmjs.org/ajv/-/ajv-6.12.6.tgz. Extracting by manifest.
2514 silly tarball no local data for @ungap/structured-clone@https://registry.npmjs.org/@ungap/structured-clone/-/structured-clone-1.2.0.tgz. Extracting by manifest.
2515 silly tarball no local data for @nodelib/fs.walk@https://registry.npmjs.org/@nodelib/fs.walk/-/fs.walk-1.2.8.tgz. Extracting by manifest.
2516 silly tarball no local data for @humanwhocodes/module-importer@https://registry.npmjs.org/@humanwhocodes/module-importer/-/module-importer-1.0.1.tgz. Extracting by manifest.
2517 silly tarball no local data for @humanwhocodes/config-array@https://registry.npmjs.org/@humanwhocodes/config-array/-/config-array-0.13.0.tgz. Extracting by manifest.
2518 silly tarball no local data for @eslint/eslintrc@https://registry.npmjs.org/@eslint/eslintrc/-/eslintrc-2.1.4.tgz. Extracting by manifest.
2519 silly tarball no local data for @eslint/js@https://registry.npmjs.org/@eslint/js/-/js-8.57.1.tgz. Extracting by manifest.
2520 silly tarball no local data for @eslint-community/regexpp@https://registry.npmjs.org/@eslint-community/regexpp/-/regexpp-4.12.1.tgz. Extracting by manifest.
2521 silly tarball no local data for @eslint-community/eslint-utils@https://registry.npmjs.org/@eslint-community/eslint-utils/-/eslint-utils-4.4.1.tgz. Extracting by manifest.
2522 silly tarball no local data for csstype@https://registry.npmjs.org/csstype/-/csstype-3.1.3.tgz. Extracting by manifest.
2523 silly tarball no local data for @types/prop-types@https://registry.npmjs.org/@types/prop-types/-/prop-types-15.7.13.tgz. Extracting by manifest.
2524 silly tarball no local data for undici-types@https://registry.npmjs.org/undici-types/-/undici-types-6.19.8.tgz. Extracting by manifest.
2525 silly tarball no local data for typescript@https://registry.npmjs.org/typescript/-/typescript-5.7.2.tgz. Extracting by manifest.
2526 silly tarball no local data for tailwindcss@https://registry.npmjs.org/tailwindcss/-/tailwindcss-3.4.16.tgz. Extracting by manifest.
2527 silly tarball no local data for postcss@https://registry.npmjs.org/postcss/-/postcss-8.4.49.tgz. Extracting by manifest.
2528 silly tarball no local data for react-dom@https://registry.npmjs.org/react-dom/-/react-dom-19.0.0-rc-66855b96-20241106.tgz. Extracting by manifest.
2529 silly tarball no local data for react@https://registry.npmjs.org/react/-/react-19.0.0-rc-66855b96-20241106.tgz. Extracting by manifest.
2530 silly tarball no local data for next@https://registry.npmjs.org/next/-/next-15.0.3.tgz. Extracting by manifest.
2531 silly tarball no local data for eslint-config-next@https://registry.npmjs.org/eslint-config-next/-/eslint-config-next-15.0.3.tgz. Extracting by manifest.
2532 silly tarball no local data for eslint@https://registry.npmjs.org/eslint/-/eslint-8.57.1.tgz. Extracting by manifest.
2533 silly tarball no local data for @types/react-dom@https://registry.npmjs.org/@types/react-dom/-/react-dom-18.3.1.tgz. Extracting by manifest.
2534 silly tarball no local data for @types/react@https://registry.npmjs.org/@types/react/-/react-18.3.13.tgz. Extracting by manifest.
2535 silly tarball no local data for @types/node@https://registry.npmjs.org/@types/node/-/node-20.17.9.tgz. Extracting by manifest.
2536 silly tarball no local data for emoji-regex@https://registry.npmjs.org/emoji-regex/-/emoji-regex-8.0.0.tgz. Extracting by manifest.
2537 silly tarball no local data for string-width@https://registry.npmjs.org/string-width/-/string-width-4.2.3.tgz. Extracting by manifest.
2538 silly tarball no local data for ansi-regex@https://registry.npmjs.org/ansi-regex/-/ansi-regex-6.1.0.tgz. Extracting by manifest.
2539 silly tarball no local data for strip-ansi@https://registry.npmjs.org/strip-ansi/-/strip-ansi-7.1.0.tgz. Extracting by manifest.
2540 silly tarball no local data for emoji-regex@https://registry.npmjs.org/emoji-regex/-/emoji-regex-8.0.0.tgz. Extracting by manifest.
2541 silly tarball no local data for ansi-regex@https://registry.npmjs.org/ansi-regex/-/ansi-regex-6.1.0.tgz. Extracting by manifest.
2542 silly tarball no local data for strip-ansi@https://registry.npmjs.org/strip-ansi/-/strip-ansi-7.1.0.tgz. Extracting by manifest.
2543 silly tarball no local data for ansi-regex@https://registry.npmjs.org/ansi-regex/-/ansi-regex-6.1.0.tgz. Extracting by manifest.
2544 silly tarball no local data for strip-ansi@https://registry.npmjs.org/strip-ansi/-/strip-ansi-7.1.0.tgz. Extracting by manifest.
2545 silly tarball no local data for ansi-styles@https://registry.npmjs.org/ansi-styles/-/ansi-styles-6.2.1.tgz. Extracting by manifest.
2546 silly tarball no local data for brace-expansion@https://registry.npmjs.org/brace-expansion/-/brace-expansion-2.0.1.tgz. Extracting by manifest.
2547 silly tarball no local data for espree@https://registry.npmjs.org/espree/-/espree-9.6.1.tgz. Extracting by manifest.
2548 silly tarball no local data for glob@https://registry.npmjs.org/glob/-/glob-10.4.5.tgz. Extracting by manifest.
2549 silly tarball no local data for minimatch@https://registry.npmjs.org/minimatch/-/minimatch-9.0.5.tgz. Extracting by manifest.
2550 silly tarball no local data for debug@https://registry.npmjs.org/debug/-/debug-3.2.7.tgz. Extracting by manifest.
2551 silly tarball no local data for brace-expansion@https://registry.npmjs.org/brace-expansion/-/brace-expansion-2.0.1.tgz. Extracting by manifest.
2552 silly tarball no local data for glob-parent@https://registry.npmjs.org/glob-parent/-/glob-parent-5.1.2.tgz. Extracting by manifest.
2553 silly tarball no local data for glob-parent@https://registry.npmjs.org/glob-parent/-/glob-parent-5.1.2.tgz. Extracting by manifest.
2554 silly tarball no local data for fast-glob@https://registry.npmjs.org/fast-glob/-/fast-glob-3.3.2.tgz. Extracting by manifest.
2555 silly tarball no local data for minimatch@https://registry.npmjs.org/minimatch/-/minimatch-9.0.5.tgz. Extracting by manifest.
2556 silly tarball no local data for eslint-visitor-keys@https://registry.npmjs.org/eslint-visitor-keys/-/eslint-visitor-keys-4.2.0.tgz. Extracting by manifest.
2557 silly tarball no local data for glob-parent@https://registry.npmjs.org/glob-parent/-/glob-parent-5.1.2.tgz. Extracting by manifest.
2558 silly tarball no local data for semver@https://registry.npmjs.org/semver/-/semver-6.3.1.tgz. Extracting by manifest.
2559 silly tarball no local data for resolve@https://registry.npmjs.org/resolve/-/resolve-2.0.0-next.5.tgz. Extracting by manifest.
2560 silly tarball no local data for semver@https://registry.npmjs.org/semver/-/semver-6.3.1.tgz. Extracting by manifest.
2561 silly tarball no local data for doctrine@https://registry.npmjs.org/doctrine/-/doctrine-2.1.0.tgz. Extracting by manifest.
2562 silly tarball no local data for doctrine@https://registry.npmjs.org/doctrine/-/doctrine-2.1.0.tgz. Extracting by manifest.
2563 silly tarball no local data for debug@https://registry.npmjs.org/debug/-/debug-3.2.7.tgz. Extracting by manifest.
2564 silly tarball no local data for glob-parent@https://registry.npmjs.org/glob-parent/-/glob-parent-5.1.2.tgz. Extracting by manifest.
2565 silly tarball no local data for fast-glob@https://registry.npmjs.org/fast-glob/-/fast-glob-3.3.2.tgz. Extracting by manifest.
2566 silly tarball no local data for debug@https://registry.npmjs.org/debug/-/debug-3.2.7.tgz. Extracting by manifest.
2567 silly tarball no local data for glob-parent@https://registry.npmjs.org/glob-parent/-/glob-parent-5.1.2.tgz. Extracting by manifest.
2568 silly tarball no local data for fast-glob@https://registry.npmjs.org/fast-glob/-/fast-glob-3.3.2.tgz. Extracting by manifest.
2569 silly tarball no local data for semver@https://registry.npmjs.org/semver/-/semver-7.6.3.tgz. Extracting by manifest.
2570 silly tarball no local data for postcss@https://registry.npmjs.org/postcss/-/postcss-8.4.31.tgz. Extracting by manifest.
2571 http fetch POST 200 https://registry.npmjs.org/-/npm/v1/security/advisories/bulk 1510ms
2572 silly audit report {}
2573 http fetch GET 200 https://registry.npmjs.org/is-fullwidth-code-point/-/is-fullwidth-code-point-3.0.0.tgz 1731ms (cache miss)
2574 http fetch GET 200 https://registry.npmjs.org/foreground-child/-/foreground-child-3.3.0.tgz 2277ms (cache miss)
2575 http fetch GET 200 https://registry.npmjs.org/jackspeak/-/jackspeak-3.4.3.tgz 2663ms (cache miss)
2576 http fetch GET 200 https://registry.npmjs.org/is-weakset/-/is-weakset-2.0.3.tgz 2684ms (cache miss)
2577 http fetch GET 200 https://registry.npmjs.org/is-weakmap/-/is-weakmap-2.0.2.tgz 2812ms (cache miss)
2578 http fetch GET 200 https://registry.npmjs.org/lru-cache/-/lru-cache-10.4.3.tgz 3042ms (cache miss)
2579 http fetch GET 200 https://registry.npmjs.org/is-set/-/is-set-2.0.3.tgz 3319ms (cache miss)
2580 http fetch GET 200 https://registry.npmjs.org/is-map/-/is-map-2.0.3.tgz 3673ms (cache miss)
2581 http fetch GET 200 https://registry.npmjs.org/which-collection/-/which-collection-1.0.2.tgz 3699ms (cache miss)
2582 http fetch GET 200 https://registry.npmjs.org/is-generator-function/-/is-generator-function-1.0.10.tgz 4154ms (cache miss)
2583 http fetch GET 200 https://registry.npmjs.org/is-async-function/-/is-async-function-2.0.0.tgz 4501ms (cache miss)
2584 http fetch GET 200 https://registry.npmjs.org/is-finalizationregistry/-/is-finalizationregistry-1.1.0.tgz 4526ms (cache miss)
2585 http fetch GET 200 https://registry.npmjs.org/is-number-object/-/is-number-object-1.1.0.tgz 5357ms (cache miss)
2586 http fetch GET 200 https://registry.npmjs.org/isexe/-/isexe-2.0.0.tgz 6175ms (cache miss)
2587 http fetch GET 200 https://registry.npmjs.org/is-boolean-object/-/is-boolean-object-1.2.0.tgz 6225ms (cache miss)
2588 http fetch GET 200 https://registry.npmjs.org/punycode/-/punycode-2.3.1.tgz 7192ms (cache miss)
2589 http fetch GET 200 https://registry.npmjs.org/which-boxed-primitive/-/which-boxed-primitive-1.1.0.tgz 7939ms (cache miss)
2590 http fetch GET 200 https://registry.npmjs.org/has-bigints/-/has-bigints-1.0.2.tgz 7970ms (cache miss)
2591 http fetch GET 200 https://registry.npmjs.org/is-bigint/-/is-bigint-1.1.0.tgz 8718ms (cache miss)
2592 http fetch GET 200 https://registry.npmjs.org/eastasianwidth/-/eastasianwidth-0.2.0.tgz 9289ms (cache miss)
2593 http fetch GET 200 https://registry.npmjs.org/string-width/-/string-width-5.1.2.tgz 9373ms (cache miss)
2594 http fetch GET 200 https://registry.npmjs.org/wrap-ansi/-/wrap-ansi-8.1.0.tgz 9378ms (cache miss)
2595 http fetch GET 200 https://registry.npmjs.org/strip-ansi/-/strip-ansi-6.0.1.tgz 9410ms (cache miss)
2596 http fetch GET 200 https://registry.npmjs.org/string-width/-/string-width-4.2.3.tgz 9414ms (cache miss)
2597 http fetch GET 200 https://registry.npmjs.org/wrap-ansi/-/wrap-ansi-7.0.0.tgz 9474ms (cache miss)
2598 http fetch GET 200 https://registry.npmjs.org/@isaacs/cliui/-/cliui-8.0.2.tgz 9471ms (cache miss)
2599 http fetch GET 200 https://registry.npmjs.org/for-each/-/for-each-0.3.3.tgz 9459ms (cache miss)
2600 http fetch GET 200 https://registry.npmjs.org/minimist/-/minimist-1.2.8.tgz 9467ms (cache miss)
2601 http fetch GET 200 https://registry.npmjs.org/strip-bom/-/strip-bom-3.0.0.tgz 10041ms (cache miss)
2602 http fetch GET 200 https://registry.npmjs.org/package-json-from-dist/-/package-json-from-dist-1.0.1.tgz 10276ms (cache miss)
2603 http fetch GET 200 https://registry.npmjs.org/@types/json5/-/json5-0.0.29.tgz 10265ms (cache miss)
2604 http fetch GET 200 https://registry.npmjs.org/is-number/-/is-number-7.0.0.tgz 10673ms (cache miss)
2605 http fetch GET 200 https://registry.npmjs.org/thenify/-/thenify-3.3.1.tgz 10688ms (cache miss)
2606 http fetch GET 200 https://registry.npmjs.org/thenify-all/-/thenify-all-1.6.0.tgz 10692ms (cache miss)
2607 http fetch GET 200 https://registry.npmjs.org/@pkgjs/parseargs/-/parseargs-0.11.0.tgz 10725ms (cache miss)
2608 http fetch GET 200 https://registry.npmjs.org/minipass/-/minipass-7.1.2.tgz 10741ms (cache miss)
2609 http fetch GET 200 https://registry.npmjs.org/mz/-/mz-2.7.0.tgz 10739ms (cache miss)
2610 http fetch GET 200 https://registry.npmjs.org/pirates/-/pirates-4.0.6.tgz 10776ms (cache miss)
2611 http fetch GET 200 https://registry.npmjs.org/@jridgewell/resolve-uri/-/resolve-uri-3.1.2.tgz 11255ms (cache miss)
2612 http fetch GET 200 https://registry.npmjs.org/lines-and-columns/-/lines-and-columns-1.2.4.tgz 12598ms (cache miss)
2613 http fetch GET 200 https://registry.npmjs.org/@jridgewell/set-array/-/set-array-1.2.1.tgz 12611ms (cache miss)
2614 http fetch GET 200 https://registry.npmjs.org/pify/-/pify-2.3.0.tgz 12726ms (cache miss)
2615 http fetch GET 200 https://registry.npmjs.org/ts-interface-checker/-/ts-interface-checker-0.1.13.tgz 12797ms (cache miss)
2616 http fetch GET 200 https://registry.npmjs.org/signal-exit/-/signal-exit-4.1.0.tgz 12853ms (cache miss)
2617 http fetch GET 200 https://registry.npmjs.org/anymatch/-/anymatch-3.1.3.tgz 12797ms (cache miss)
2618 http fetch GET 200 https://registry.npmjs.org/camelcase-css/-/camelcase-css-2.0.1.tgz 12832ms (cache miss)
2619 http fetch GET 200 https://registry.npmjs.org/read-cache/-/read-cache-1.0.0.tgz 12831ms (cache miss)
2620 http fetch GET 200 https://registry.npmjs.org/binary-extensions/-/binary-extensions-2.3.0.tgz 12841ms (cache miss)
2621 http fetch GET 200 https://registry.npmjs.org/json5/-/json5-1.0.2.tgz 12933ms (cache miss)
2622 http fetch GET 200 https://registry.npmjs.org/is-binary-path/-/is-binary-path-2.1.0.tgz 12934ms (cache miss)
2623 http fetch GET 200 https://registry.npmjs.org/util-deprecate/-/util-deprecate-1.0.2.tgz 12968ms (cache miss)
2624 http fetch GET 200 https://registry.npmjs.org/cssesc/-/cssesc-3.0.0.tgz 13200ms (cache miss)
2625 http fetch GET 200 https://registry.npmjs.org/@jridgewell/sourcemap-codec/-/sourcemap-codec-1.5.0.tgz 13212ms (cache miss)
2626 http fetch GET 200 https://registry.npmjs.org/readdirp/-/readdirp-3.6.0.tgz 13352ms (cache miss)
2627 http fetch GET 200 https://registry.npmjs.org/normalize-path/-/normalize-path-3.0.0.tgz 13704ms (cache miss)
2628 http fetch GET 200 https://registry.npmjs.org/postcss-nested/-/postcss-nested-6.2.0.tgz 13889ms (cache miss)
2629 http fetch GET 200 https://registry.npmjs.org/postcss-value-parser/-/postcss-value-parser-4.2.0.tgz 13936ms (cache miss)
2630 http fetch GET 200 https://registry.npmjs.org/lilconfig/-/lilconfig-3.1.3.tgz 13926ms (cache miss)
2631 http fetch GET 200 https://registry.npmjs.org/dlv/-/dlv-1.1.3.tgz 13926ms (cache miss)
2632 http fetch GET 200 https://registry.npmjs.org/path-scurry/-/path-scurry-1.11.1.tgz 14012ms (cache miss)
2633 http fetch GET 200 https://registry.npmjs.org/@jridgewell/trace-mapping/-/trace-mapping-0.3.25.tgz 14151ms (cache miss)
2634 http fetch GET 200 https://registry.npmjs.org/didyoumean/-/didyoumean-1.2.2.tgz 14109ms (cache miss)
2635 http fetch GET 200 https://registry.npmjs.org/@jridgewell/gen-mapping/-/gen-mapping-0.3.5.tgz 14158ms (cache miss)
2636 http fetch GET 200 https://registry.npmjs.org/commander/-/commander-4.1.1.tgz 14168ms (cache miss)
2637 http fetch GET 200 https://registry.npmjs.org/postcss-js/-/postcss-js-4.0.1.tgz 14411ms (cache miss)
2638 http fetch GET 200 https://registry.npmjs.org/object-hash/-/object-hash-3.0.0.tgz 14416ms (cache miss)
2639 http fetch GET 200 https://registry.npmjs.org/postcss-load-config/-/postcss-load-config-4.0.2.tgz 14451ms (cache miss)
2640 http fetch GET 200 https://registry.npmjs.org/any-promise/-/any-promise-1.3.0.tgz 14543ms (cache miss)
2641 http fetch GET 200 https://registry.npmjs.org/postcss-import/-/postcss-import-15.1.0.tgz 14532ms (cache miss)
2642 http fetch GET 200 https://registry.npmjs.org/arg/-/arg-5.0.2.tgz 14795ms (cache miss)
2643 http fetch GET 200 https://registry.npmjs.org/chokidar/-/chokidar-3.6.0.tgz 14813ms (cache miss)
2644 http fetch GET 200 https://registry.npmjs.org/postcss-selector-parser/-/postcss-selector-parser-6.1.2.tgz 15387ms (cache miss)
2645 http fetch GET 200 https://registry.npmjs.org/@alloc/quick-lru/-/quick-lru-5.2.0.tgz 15368ms (cache miss)
2646 http fetch GET 200 https://registry.npmjs.org/has-flag/-/has-flag-4.0.0.tgz 15603ms (cache miss)
2647 http fetch GET 200 https://registry.npmjs.org/client-only/-/client-only-0.0.1.tgz 16122ms (cache miss)
2648 http fetch GET 200 https://registry.npmjs.org/is-arrayish/-/is-arrayish-0.3.2.tgz 16195ms (cache miss)
2649 http fetch GET 200 https://registry.npmjs.org/shebang-regex/-/shebang-regex-3.0.0.tgz 16204ms (cache miss)
2650 http fetch GET 200 https://registry.npmjs.org/ansi-regex/-/ansi-regex-5.0.1.tgz 16225ms (cache miss)
2651 http fetch GET 200 https://registry.npmjs.org/simple-swizzle/-/simple-swizzle-0.2.2.tgz 16242ms (cache miss)
2652 http fetch GET 200 https://registry.npmjs.org/queue-microtask/-/queue-microtask-1.2.3.tgz 16851ms (cache miss)
2653 http fetch GET 200 https://registry.npmjs.org/path-is-absolute/-/path-is-absolute-1.0.1.tgz 16865ms (cache miss)
2654 http fetch GET 200 https://registry.npmjs.org/color-string/-/color-string-1.9.1.tgz 16884ms (cache miss)
2655 http fetch GET 200 https://registry.npmjs.org/wrappy/-/wrappy-1.0.2.tgz 16880ms (cache miss)
2656 http fetch GET 200 https://registry.npmjs.org/inflight/-/inflight-1.0.6.tgz 16889ms (cache miss)
2657 http fetch GET 200 https://registry.npmjs.org/isarray/-/isarray-2.0.5.tgz 16998ms (cache miss)
2658 http fetch GET 200 https://registry.npmjs.org/inherits/-/inherits-2.0.4.tgz 16993ms (cache miss)
2659 http fetch GET 200 https://registry.npmjs.org/once/-/once-1.4.0.tgz 16994ms (cache miss)
2660 warn deprecated inflight@1.0.6: This module is not supported, and leaks memory. Do not use it. Check out lru-cache if you want a good and tested way to coalesce async requests by a key value, which is much more comprehensive and powerful.
2661 http fetch GET 200 https://registry.npmjs.org/detect-libc/-/detect-libc-2.0.3.tgz 17025ms (cache miss)
2662 http fetch GET 200 https://registry.npmjs.org/fs.realpath/-/fs.realpath-1.0.0.tgz 17023ms (cache miss)
2663 http fetch GET 200 https://registry.npmjs.org/glob/-/glob-7.2.3.tgz 17085ms (cache miss)
2664 warn deprecated glob@7.2.3: Glob versions prior to v9 are no longer supported
2665 http fetch GET 200 https://registry.npmjs.org/color/-/color-4.2.3.tgz 17560ms (cache miss)
2666 http fetch GET 200 https://registry.npmjs.org/js-tokens/-/js-tokens-4.0.0.tgz 17920ms (cache miss)
2667 http fetch GET 200 https://registry.npmjs.org/path-parse/-/path-parse-1.0.7.tgz 17881ms (cache miss)
2668 http fetch GET 200 https://registry.npmjs.org/object-assign/-/object-assign-4.1.1.tgz 18167ms (cache miss)
2669 http fetch GET 200 https://registry.npmjs.org/callsites/-/callsites-3.1.0.tgz 18201ms (cache miss)
2670 http fetch GET 200 https://registry.npmjs.org/which-builtin-type/-/which-builtin-type-1.2.0.tgz 18265ms (cache miss)
2671 http fetch GET 200 https://registry.npmjs.org/fast-levenshtein/-/fast-levenshtein-2.0.6.tgz 18208ms (cache miss)
2672 http fetch GET 200 https://registry.npmjs.org/streamsearch/-/streamsearch-1.1.0.tgz 18469ms (cache miss)
2673 http fetch GET 200 https://registry.npmjs.org/supports-preserve-symlinks-flag/-/supports-preserve-symlinks-flag-1.0.0.tgz 18534ms (cache miss)
2674 http fetch GET 200 https://registry.npmjs.org/yocto-queue/-/yocto-queue-0.1.0.tgz 18509ms (cache miss)
2675 http fetch GET 200 https://registry.npmjs.org/deep-is/-/deep-is-0.1.4.tgz 18507ms (cache miss)
2676 http fetch GET 200 https://registry.npmjs.org/jiti/-/jiti-1.21.6.tgz 18604ms (cache miss)
2677 http fetch GET 200 https://registry.npmjs.org/p-limit/-/p-limit-3.1.0.tgz 18526ms (cache miss)
2678 http fetch GET 200 https://registry.npmjs.org/word-wrap/-/word-wrap-1.2.5.tgz 18526ms (cache miss)
2679 http fetch GET 200 https://registry.npmjs.org/brace-expansion/-/brace-expansion-1.1.11.tgz 18536ms (cache miss)
2680 http fetch GET 200 https://registry.npmjs.org/@next/env/-/env-15.0.3.tgz 18543ms (cache miss)
2681 http fetch GET 200 https://registry.npmjs.org/@swc/counter/-/counter-0.1.3.tgz 18831ms (cache miss)
2682 http fetch GET 200 https://registry.npmjs.org/balanced-match/-/balanced-match-1.0.2.tgz 18831ms (cache miss)
2683 http fetch GET 200 https://registry.npmjs.org/p-locate/-/p-locate-5.0.0.tgz 18821ms (cache miss)
2684 http fetch GET 200 https://registry.npmjs.org/braces/-/braces-3.0.3.tgz 18824ms (cache miss)
2685 http fetch GET 200 https://registry.npmjs.org/loose-envify/-/loose-envify-1.4.0.tgz 18869ms (cache miss)
2686 http fetch GET 200 https://registry.npmjs.org/picocolors/-/picocolors-1.1.1.tgz 18924ms (cache miss)
2687 http fetch GET 200 https://registry.npmjs.org/fill-range/-/fill-range-7.1.1.tgz 18898ms (cache miss)
2688 http fetch GET 200 https://registry.npmjs.org/to-regex-range/-/to-regex-range-5.0.1.tgz 18900ms (cache miss)
2689 http fetch GET 200 https://registry.npmjs.org/react-is/-/react-is-16.13.1.tgz 19000ms (cache miss)
2690 http fetch GET 200 https://registry.npmjs.org/type-check/-/type-check-0.4.0.tgz 19361ms (cache miss)
2691 http fetch GET 200 https://registry.npmjs.org/concat-map/-/concat-map-0.0.1.tgz 19421ms (cache miss)
2692 http fetch GET 200 https://registry.npmjs.org/is-extglob/-/is-extglob-2.1.1.tgz 19869ms (cache miss)
2693 http fetch GET 200 https://registry.npmjs.org/reflect.getprototypeof/-/reflect.getprototypeof-1.0.7.tgz 19881ms (cache miss)
2694 http fetch GET 200 https://registry.npmjs.org/resolve-from/-/resolve-from-4.0.0.tgz 19929ms (cache miss)
2695 http fetch GET 200 https://registry.npmjs.org/json-buffer/-/json-buffer-3.0.1.tgz 19984ms (cache miss)
2696 http fetch GET 200 https://registry.npmjs.org/scheduler/-/scheduler-0.25.0-rc-66855b96-20241106.tgz 20335ms (cache miss)
2697 http fetch GET 200 https://registry.npmjs.org/parent-module/-/parent-module-1.0.1.tgz 20452ms (cache miss)
2698 http fetch GET 200 https://registry.npmjs.org/tslib/-/tslib-2.8.1.tgz 20660ms (cache miss)
2699 http fetch GET 200 https://registry.npmjs.org/set-function-name/-/set-function-name-2.0.2.tgz 20630ms (cache miss)
2700 http fetch GET 200 https://registry.npmjs.org/picomatch/-/picomatch-2.3.1.tgz 20656ms (cache miss)
2701 http fetch GET 200 https://registry.npmjs.org/argparse/-/argparse-2.0.1.tgz 20653ms (cache miss)
2702 http fetch GET 200 https://registry.npmjs.org/prelude-ls/-/prelude-ls-1.2.1.tgz 20665ms (cache miss)
2703 http fetch GET 200 https://registry.npmjs.org/resolve-pkg-maps/-/resolve-pkg-maps-1.0.0.tgz 20658ms (cache miss)
2704 http fetch GET 200 https://registry.npmjs.org/side-channel/-/side-channel-1.0.6.tgz 20784ms (cache miss)
2705 http fetch GET 200 https://registry.npmjs.org/source-map-js/-/source-map-js-1.2.1.tgz 20894ms (cache miss)
2706 http fetch GET 200 https://registry.npmjs.org/@emnapi/runtime/-/runtime-1.3.1.tgz 21163ms (cache miss)
2707 http fetch GET 200 https://registry.npmjs.org/functions-have-names/-/functions-have-names-1.2.3.tgz 21051ms (cache miss)
2708 http fetch GET 200 https://registry.npmjs.org/nanoid/-/nanoid-3.3.8.tgz 21234ms (cache miss)
2709 http fetch GET 200 https://registry.npmjs.org/busboy/-/busboy-1.6.0.tgz 21273ms (cache miss)
2710 http fetch GET 200 https://registry.npmjs.org/rimraf/-/rimraf-3.0.2.tgz 21287ms (cache miss)
2711 warn deprecated rimraf@3.0.2: Rimraf versions prior to v4 are no longer supported
2712 http fetch GET 200 https://registry.npmjs.org/path-exists/-/path-exists-4.0.0.tgz 22884ms (cache miss)
2713 http fetch GET 200 https://registry.npmjs.org/locate-path/-/locate-path-6.0.0.tgz 22882ms (cache miss)
2714 http fetch GET 200 https://registry.npmjs.org/merge2/-/merge2-1.4.1.tgz 22878ms (cache miss)
2715 http fetch GET 200 https://registry.npmjs.org/micromatch/-/micromatch-4.0.8.tgz 22913ms (cache miss)
2716 http fetch GET 200 https://registry.npmjs.org/reusify/-/reusify-1.0.4.tgz 22919ms (cache miss)
2717 http fetch GET 200 https://registry.npmjs.org/acorn-jsx/-/acorn-jsx-5.3.2.tgz 22915ms (cache miss)
2718 http fetch GET 200 https://registry.npmjs.org/keyv/-/keyv-4.5.4.tgz 24283ms (cache miss)
2719 http fetch GET 200 https://registry.npmjs.org/esrecurse/-/esrecurse-4.3.0.tgz 24332ms (cache miss)
2720 http fetch GET 200 https://registry.npmjs.org/string.prototype.repeat/-/string.prototype.repeat-1.0.0.tgz 24468ms (cache miss)
2721 http fetch GET 200 https://registry.npmjs.org/styled-jsx/-/styled-jsx-5.1.6.tgz 24540ms (cache miss)
2722 http fetch GET 200 https://registry.npmjs.org/object.entries/-/object.entries-1.1.8.tgz 24471ms (cache miss)
2723 http fetch GET 200 https://registry.npmjs.org/flat-cache/-/flat-cache-3.2.0.tgz 24494ms (cache miss)
2724 http fetch GET 200 https://registry.npmjs.org/language-tags/-/language-tags-1.0.9.tgz 24496ms (cache miss)
2725 http fetch GET 200 https://registry.npmjs.org/estraverse/-/estraverse-5.3.0.tgz 24510ms (cache miss)
2726 http fetch GET 200 https://registry.npmjs.org/has-tostringtag/-/has-tostringtag-1.0.2.tgz 24517ms (cache miss)
2727 http fetch GET 200 https://registry.npmjs.org/which-typed-array/-/which-typed-array-1.1.16.tgz 24516ms (cache miss)
2728 http fetch GET 200 https://registry.npmjs.org/unbox-primitive/-/unbox-primitive-1.0.2.tgz 24516ms (cache miss)
2729 http fetch GET 200 https://registry.npmjs.org/typed-array-length/-/typed-array-length-1.0.7.tgz 24515ms (cache miss)
2730 http fetch GET 200 https://registry.npmjs.org/string.prototype.includes/-/string.prototype.includes-2.0.1.tgz 24542ms (cache miss)
2731 http fetch GET 200 https://registry.npmjs.org/array.prototype.tosorted/-/array.prototype.tosorted-1.1.4.tgz 24552ms (cache miss)
2732 http fetch GET 200 https://registry.npmjs.org/typed-array-byte-length/-/typed-array-byte-length-1.0.1.tgz 24543ms (cache miss)
2733 http fetch GET 200 https://registry.npmjs.org/is-date-object/-/is-date-object-1.0.5.tgz 24550ms (cache miss)
2734 http fetch GET 200 https://registry.npmjs.org/iterator.prototype/-/iterator.prototype-1.1.3.tgz 24871ms (cache miss)
2735 http fetch GET 200 https://registry.npmjs.org/string.prototype.trim/-/string.prototype.trim-1.2.9.tgz 25079ms (cache miss)
2736 http fetch GET 200 https://registry.npmjs.org/possible-typed-array-names/-/possible-typed-array-names-1.0.0.tgz 25095ms (cache miss)
2737 http fetch GET 200 https://registry.npmjs.org/ast-types-flow/-/ast-types-flow-0.0.8.tgz 25106ms (cache miss)
2738 http fetch GET 200 https://registry.npmjs.org/flatted/-/flatted-3.3.2.tgz 25171ms (cache miss)
2739 http fetch GET 200 https://registry.npmjs.org/regexp.prototype.flags/-/regexp.prototype.flags-1.5.3.tgz 25353ms (cache miss)
2740 http fetch GET 200 https://registry.npmjs.org/typed-array-byte-offset/-/typed-array-byte-offset-1.0.3.tgz 25372ms (cache miss)
2741 http fetch GET 200 https://registry.npmjs.org/is-symbol/-/is-symbol-1.1.0.tgz 25675ms (cache miss)
2742 http fetch GET 200 https://registry.npmjs.org/is-typed-array/-/is-typed-array-1.1.13.tgz 25693ms (cache miss)
2743 http fetch GET 200 https://registry.npmjs.org/typed-array-buffer/-/typed-array-buffer-1.0.2.tgz 25706ms (cache miss)
2744 http fetch GET 200 https://registry.npmjs.org/is-shared-array-buffer/-/is-shared-array-buffer-1.0.3.tgz 25723ms (cache miss)
2745 http fetch GET 200 https://registry.npmjs.org/safe-regex-test/-/safe-regex-test-1.0.3.tgz 25738ms (cache miss)
2746 http fetch GET 200 https://registry.npmjs.org/type-fest/-/type-fest-0.20.2.tgz 25883ms (cache miss)
2747 http fetch GET 200 https://registry.npmjs.org/emoji-regex/-/emoji-regex-9.2.2.tgz 25828ms (cache miss)
2748 http fetch GET 200 https://registry.npmjs.org/string.prototype.trimstart/-/string.prototype.trimstart-1.0.8.tgz 25886ms (cache miss)
2749 http fetch GET 200 https://registry.npmjs.org/safe-array-concat/-/safe-array-concat-1.1.2.tgz 25918ms (cache miss)
2750 http fetch GET 200 https://registry.npmjs.org/string.prototype.matchall/-/string.prototype.matchall-4.0.11.tgz 25970ms (cache miss)
2751 http fetch GET 200 https://registry.npmjs.org/sharp/-/sharp-0.33.5.tgz 26041ms (cache miss)
2752 http fetch GET 200 https://registry.npmjs.org/array.prototype.findlast/-/array.prototype.findlast-1.2.5.tgz 25966ms (cache miss)
2753 http fetch GET 200 https://registry.npmjs.org/is-weakref/-/is-weakref-1.0.2.tgz 25943ms (cache miss)
2754 http fetch GET 200 https://registry.npmjs.org/prop-types/-/prop-types-15.8.1.tgz 26051ms (cache miss)
2755 http fetch GET 200 https://registry.npmjs.org/is-negative-zero/-/is-negative-zero-2.0.3.tgz 27858ms (cache miss)
2756 http fetch GET 200 https://registry.npmjs.org/internal-slot/-/internal-slot-1.0.7.tgz 28111ms (cache miss)
2757 http fetch GET 200 https://registry.npmjs.org/is-callable/-/is-callable-1.2.7.tgz 28114ms (cache miss)
2758 http fetch GET 200 https://registry.npmjs.org/is-data-view/-/is-data-view-1.0.1.tgz 28118ms (cache miss)
2759 http fetch GET 200 https://registry.npmjs.org/globalthis/-/globalthis-1.0.4.tgz 28196ms (cache miss)
2760 http fetch GET 200 https://registry.npmjs.org/has-proto/-/has-proto-1.1.0.tgz 28219ms (cache miss)
2761 http fetch GET 200 https://registry.npmjs.org/es-set-tostringtag/-/es-set-tostringtag-2.0.3.tgz 28229ms (cache miss)
2762 http fetch GET 200 https://registry.npmjs.org/es-to-primitive/-/es-to-primitive-1.3.0.tgz 28286ms (cache miss)
2763 http fetch GET 200 https://registry.npmjs.org/function.prototype.name/-/function.prototype.name-1.1.6.tgz 28289ms (cache miss)
2764 http fetch GET 200 https://registry.npmjs.org/language-subtag-registry/-/language-subtag-registry-0.3.23.tgz 28443ms (cache miss)
2765 http fetch GET 200 https://registry.npmjs.org/is-array-buffer/-/is-array-buffer-3.0.4.tgz 28956ms (cache miss)
2766 http fetch GET 200 https://registry.npmjs.org/get-symbol-description/-/get-symbol-description-1.0.2.tgz 28950ms (cache miss)
2767 http fetch GET 200 https://registry.npmjs.org/object.assign/-/object.assign-4.1.5.tgz 28983ms (cache miss)
2768 http fetch GET 200 https://registry.npmjs.org/arraybuffer.prototype.slice/-/arraybuffer.prototype.slice-1.0.3.tgz 29498ms (cache miss)
2769 http fetch GET 200 https://registry.npmjs.org/data-view-buffer/-/data-view-buffer-1.0.1.tgz 29500ms (cache miss)
2770 http fetch GET 200 https://registry.npmjs.org/is-regex/-/is-regex-1.2.0.tgz 29491ms (cache miss)
2771 http fetch GET 200 https://registry.npmjs.org/gopd/-/gopd-1.2.0.tgz 29490ms (cache miss)
2772 http fetch GET 200 https://registry.npmjs.org/acorn/-/acorn-8.14.0.tgz 29585ms (cache miss)
2773 http fetch GET 200 https://registry.npmjs.org/data-view-byte-offset/-/data-view-byte-offset-1.0.0.tgz 29514ms (cache miss)
2774 http fetch GET 200 https://registry.npmjs.org/available-typed-arrays/-/available-typed-arrays-1.0.7.tgz 29506ms (cache miss)
2775 http fetch GET 200 https://registry.npmjs.org/has-property-descriptors/-/has-property-descriptors-1.0.2.tgz 29600ms (cache miss)
2776 http fetch GET 200 https://registry.npmjs.org/define-data-property/-/define-data-property-1.1.4.tgz 29601ms (cache miss)
2777 http fetch GET 200 https://registry.npmjs.org/set-function-length/-/set-function-length-1.2.2.tgz 29601ms (cache miss)
2778 http fetch GET 200 https://registry.npmjs.org/es-define-property/-/es-define-property-1.0.0.tgz 29604ms (cache miss)
2779 http fetch GET 200 https://registry.npmjs.org/es-errors/-/es-errors-1.3.0.tgz 29632ms (cache miss)
2780 http fetch GET 200 https://registry.npmjs.org/is-string/-/is-string-1.1.0.tgz 29719ms (cache miss)
2781 http fetch GET 200 https://registry.npmjs.org/define-properties/-/define-properties-1.2.1.tgz 29718ms (cache miss)
2782 http fetch GET 200 https://registry.npmjs.org/has-symbols/-/has-symbols-1.1.0.tgz 29759ms (cache miss)
2783 http fetch GET 200 https://registry.npmjs.org/data-view-byte-length/-/data-view-byte-length-1.0.1.tgz 30124ms (cache miss)
2784 http fetch GET 200 https://registry.npmjs.org/object.groupby/-/object.groupby-1.0.3.tgz 30131ms (cache miss)
2785 http fetch GET 200 https://registry.npmjs.org/call-bind/-/call-bind-1.0.7.tgz 30141ms (cache miss)
2786 http fetch GET 200 https://registry.npmjs.org/object.fromentries/-/object.fromentries-2.0.8.tgz 30142ms (cache miss)
2787 http fetch GET 200 https://registry.npmjs.org/array.prototype.flatmap/-/array.prototype.flatmap-1.3.2.tgz 30142ms (cache miss)
2788 http fetch GET 200 https://registry.npmjs.org/hasown/-/hasown-2.0.2.tgz 30143ms (cache miss)
2789 http fetch GET 200 https://registry.npmjs.org/string.prototype.trimend/-/string.prototype.trimend-1.0.8.tgz 30141ms (cache miss)
2790 http fetch GET 200 https://registry.npmjs.org/array-buffer-byte-length/-/array-buffer-byte-length-1.0.1.tgz 30203ms (cache miss)
2791 http fetch GET 200 https://registry.npmjs.org/array.prototype.flat/-/array.prototype.flat-1.3.2.tgz 30194ms (cache miss)
2792 http fetch GET 200 https://registry.npmjs.org/get-intrinsic/-/get-intrinsic-1.2.4.tgz 30323ms (cache miss)
2793 http fetch GET 200 https://registry.npmjs.org/graceful-fs/-/graceful-fs-4.2.11.tgz 30302ms (cache miss)
2794 http fetch GET 200 https://registry.npmjs.org/es-shim-unscopables/-/es-shim-unscopables-1.0.2.tgz 30387ms (cache miss)
2795 http fetch GET 200 https://registry.npmjs.org/object-keys/-/object-keys-1.1.1.tgz 30557ms (cache miss)
2796 http fetch GET 200 https://registry.npmjs.org/stable-hash/-/stable-hash-0.0.4.tgz 30566ms (cache miss)
2797 http fetch GET 200 https://registry.npmjs.org/damerau-levenshtein/-/damerau-levenshtein-1.0.8.tgz 30595ms (cache miss)
2798 http fetch GET 200 https://registry.npmjs.org/tapable/-/tapable-2.2.1.tgz 31239ms (cache miss)
2799 http fetch GET 200 https://registry.npmjs.org/is-bun-module/-/is-bun-module-1.3.0.tgz 31255ms (cache miss)
2800 http fetch GET 200 https://registry.npmjs.org/function-bind/-/function-bind-1.1.2.tgz 31303ms (cache miss)
2801 http fetch GET 200 https://registry.npmjs.org/es-object-atoms/-/es-object-atoms-1.0.0.tgz 31552ms (cache miss)
2802 http fetch GET 200 https://registry.npmjs.org/is-core-module/-/is-core-module-2.15.1.tgz 31519ms (cache miss)
2803 http fetch GET 200 https://registry.npmjs.org/@rtsao/scc/-/scc-1.1.0.tgz 31522ms (cache miss)
2804 http fetch GET 200 https://registry.npmjs.org/@nolyfill/is-core-module/-/is-core-module-1.0.39.tgz 31523ms (cache miss)
2805 http fetch GET 200 https://registry.npmjs.org/@typescript-eslint/visitor-keys/-/visitor-keys-8.17.0.tgz 31684ms (cache miss)
2806 http fetch GET 200 https://registry.npmjs.org/object-inspect/-/object-inspect-1.13.3.tgz 32028ms (cache miss)
2807 http fetch GET 200 https://registry.npmjs.org/object.values/-/object.values-1.2.0.tgz 32602ms (cache miss)
2808 http fetch GET 200 https://registry.npmjs.org/array.prototype.findlastindex/-/array.prototype.findlastindex-1.2.5.tgz 33506ms (cache miss)
2809 http fetch GET 200 https://registry.npmjs.org/array-includes/-/array-includes-3.1.8.tgz 35411ms (cache miss)
2810 http fetch GET 200 https://registry.npmjs.org/eslint-import-resolver-typescript/-/eslint-import-resolver-typescript-3.7.0.tgz 36007ms (cache miss)
2811 http fetch GET 200 https://registry.npmjs.org/get-tsconfig/-/get-tsconfig-4.8.1.tgz 36108ms (cache miss)
2812 http fetch GET 200 https://registry.npmjs.org/ts-api-utils/-/ts-api-utils-1.4.3.tgz 36258ms (cache miss)
2813 http fetch GET 200 https://registry.npmjs.org/eslint-import-resolver-node/-/eslint-import-resolver-node-0.3.9.tgz 36264ms (cache miss)
2814 http fetch GET 200 https://registry.npmjs.org/eslint-plugin-react-hooks/-/eslint-plugin-react-hooks-5.0.0.tgz 36309ms (cache miss)
2815 http fetch GET 200 https://registry.npmjs.org/eslint-module-utils/-/eslint-module-utils-2.12.0.tgz 37210ms (cache miss)
2816 http fetch GET 200 https://registry.npmjs.org/@typescript-eslint/types/-/types-8.17.0.tgz 37200ms (cache miss)
2817 http fetch GET 200 https://registry.npmjs.org/yaml/-/yaml-2.6.1.tgz 37712ms (cache miss)
2818 http fetch GET 200 https://registry.npmjs.org/axe-core/-/axe-core-4.10.2.tgz 38017ms (cache miss)
2819 http fetch GET 200 https://registry.npmjs.org/@typescript-eslint/parser/-/parser-8.17.0.tgz 41399ms (cache miss)
2820 http fetch GET 200 https://registry.npmjs.org/ms/-/ms-2.1.3.tgz 41568ms (cache miss)
2821 http fetch GET 200 https://registry.npmjs.org/@next/eslint-plugin-next/-/eslint-plugin-next-15.0.3.tgz 41575ms (cache miss)
2822 http fetch GET 200 https://registry.npmjs.org/which/-/which-2.0.2.tgz 41566ms (cache miss)
2823 http fetch GET 200 https://registry.npmjs.org/path-key/-/path-key-3.1.1.tgz 41566ms (cache miss)
2824 http fetch GET 200 https://registry.npmjs.org/shebang-command/-/shebang-command-2.0.0.tgz 41567ms (cache miss)
2825 http fetch GET 200 https://registry.npmjs.org/color-name/-/color-name-1.1.4.tgz 41566ms (cache miss)
2826 http fetch GET 200 https://registry.npmjs.org/supports-color/-/supports-color-7.2.0.tgz 41566ms (cache miss)
2827 http fetch GET 200 https://registry.npmjs.org/ansi-styles/-/ansi-styles-4.3.0.tgz 41566ms (cache miss)
2828 http fetch GET 200 https://registry.npmjs.org/color-convert/-/color-convert-2.0.1.tgz 41565ms (cache miss)
2829 http fetch GET 200 https://registry.npmjs.org/json-schema-traverse/-/json-schema-traverse-0.4.1.tgz 41564ms (cache miss)
2830 http fetch GET 200 https://registry.npmjs.org/fast-json-stable-stringify/-/fast-json-stable-stringify-2.1.0.tgz 41564ms (cache miss)
2831 http fetch GET 200 https://registry.npmjs.org/run-parallel/-/run-parallel-1.2.0.tgz 41563ms (cache miss)
2832 http fetch GET 200 https://registry.npmjs.org/@nodelib/fs.stat/-/fs.stat-2.0.5.tgz 41562ms (cache miss)
2833 http fetch GET 200 https://registry.npmjs.org/@humanwhocodes/object-schema/-/object-schema-2.0.3.tgz 41560ms (cache miss)
2834 http fetch GET 200 https://registry.npmjs.org/@nodelib/fs.scandir/-/fs.scandir-2.1.5.tgz 41561ms (cache miss)
2835 http fetch GET 200 https://registry.npmjs.org/strip-json-comments/-/strip-json-comments-3.1.1.tgz 41560ms (cache miss)
2836 http fetch GET 200 https://registry.npmjs.org/fastq/-/fastq-1.17.1.tgz 41572ms (cache miss)
2837 http fetch GET 200 https://registry.npmjs.org/import-fresh/-/import-fresh-3.3.0.tgz 41650ms (cache miss)
2838 http fetch GET 200 https://registry.npmjs.org/sucrase/-/sucrase-3.35.0.tgz 42335ms (cache miss)
2839 http fetch GET 200 https://registry.npmjs.org/text-table/-/text-table-0.2.0.tgz 42081ms (cache miss)
2840 warn deprecated @humanwhocodes/object-schema@2.0.3: Use @eslint/object-schema instead
2841 http fetch GET 200 https://registry.npmjs.org/enhanced-resolve/-/enhanced-resolve-5.17.1.tgz 42213ms (cache miss)
2842 http fetch GET 200 https://registry.npmjs.org/optionator/-/optionator-0.9.4.tgz 42699ms (cache miss)
2843 http fetch GET 200 https://registry.npmjs.org/strip-ansi/-/strip-ansi-6.0.1.tgz 42701ms (cache miss)
2844 http fetch GET 200 https://registry.npmjs.org/minimatch/-/minimatch-3.1.2.tgz 42739ms (cache miss)
2845 http fetch GET 200 https://registry.npmjs.org/natural-compare/-/natural-compare-1.4.0.tgz 42747ms (cache miss)
2846 http fetch GET 200 https://registry.npmjs.org/levn/-/levn-0.4.1.tgz 42923ms (cache miss)
2847 http fetch GET 200 https://registry.npmjs.org/lodash.merge/-/lodash.merge-4.6.2.tgz 43372ms (cache miss)
2848 http fetch GET 200 https://registry.npmjs.org/json-stable-stringify-without-jsonify/-/json-stable-stringify-without-jsonify-1.0.1.tgz 43360ms (cache miss)
2849 http fetch GET 200 https://registry.npmjs.org/is-path-inside/-/is-path-inside-3.0.3.tgz 43495ms (cache miss)
2850 http fetch GET 200 https://registry.npmjs.org/is-glob/-/is-glob-4.0.3.tgz 43708ms (cache miss)
2851 http fetch GET 200 https://registry.npmjs.org/imurmurhash/-/imurmurhash-0.1.4.tgz 44312ms (cache miss)
2852 http fetch GET 200 https://registry.npmjs.org/find-up/-/find-up-5.0.0.tgz 44352ms (cache miss)
2853 http fetch GET 200 https://registry.npmjs.org/glob-parent/-/glob-parent-6.0.2.tgz 44354ms (cache miss)
2854 http fetch GET 200 https://registry.npmjs.org/esutils/-/esutils-2.0.3.tgz 44352ms (cache miss)
2855 http fetch GET 200 https://registry.npmjs.org/file-entry-cache/-/file-entry-cache-6.0.1.tgz 44354ms (cache miss)
2856 http fetch GET 200 https://registry.npmjs.org/ignore/-/ignore-5.3.2.tgz 44360ms (cache miss)
2857 http fetch GET 200 https://registry.npmjs.org/globals/-/globals-13.24.0.tgz 44918ms (cache miss)
2858 http fetch GET 200 https://registry.npmjs.org/fast-deep-equal/-/fast-deep-equal-3.1.3.tgz 45114ms (cache miss)
2859 http fetch GET 200 https://registry.npmjs.org/jsx-ast-utils/-/jsx-ast-utils-3.3.5.tgz 45611ms (cache miss)
2860 http fetch GET 200 https://registry.npmjs.org/eslint-visitor-keys/-/eslint-visitor-keys-3.4.3.tgz 45980ms (cache miss)
2861 http fetch GET 200 https://registry.npmjs.org/escape-string-regexp/-/escape-string-regexp-4.0.0.tgz 45999ms (cache miss)
2862 http fetch GET 200 https://registry.npmjs.org/debug/-/debug-4.3.7.tgz 46012ms (cache miss)
2863 http fetch GET 200 https://registry.npmjs.org/cross-spawn/-/cross-spawn-7.0.6.tgz 46012ms (cache miss)
2864 http fetch GET 200 https://registry.npmjs.org/chalk/-/chalk-4.1.2.tgz 46013ms (cache miss)
2865 http fetch GET 200 https://registry.npmjs.org/@ungap/structured-clone/-/structured-clone-1.2.0.tgz 46414ms (cache miss)
2866 http fetch GET 200 https://registry.npmjs.org/@nodelib/fs.walk/-/fs.walk-1.2.8.tgz 46415ms (cache miss)
2867 http fetch GET 200 https://registry.npmjs.org/@humanwhocodes/module-importer/-/module-importer-1.0.1.tgz 46468ms (cache miss)
2868 http fetch GET 200 https://registry.npmjs.org/tsconfig-paths/-/tsconfig-paths-3.15.0.tgz 46585ms (cache miss)
2869 http fetch GET 200 https://registry.npmjs.org/doctrine/-/doctrine-3.0.0.tgz 46798ms (cache miss)
2870 http fetch GET 200 https://registry.npmjs.org/@humanwhocodes/config-array/-/config-array-0.13.0.tgz 48077ms (cache miss)
2871 warn deprecated @humanwhocodes/config-array@0.13.0: Use @eslint/config-array instead
2872 http fetch GET 200 https://registry.npmjs.org/eslint-scope/-/eslint-scope-7.2.2.tgz 52835ms (cache miss)
2873 http fetch GET 200 https://registry.npmjs.org/@eslint/js/-/js-8.57.1.tgz 53639ms (cache miss)
2874 http fetch GET 200 https://registry.npmjs.org/@types/prop-types/-/prop-types-15.7.13.tgz 54152ms (cache miss)
2875 http fetch GET 200 https://registry.npmjs.org/@typescript-eslint/type-utils/-/type-utils-8.17.0.tgz 54847ms (cache miss)
2876 http fetch GET 200 https://registry.npmjs.org/axobject-query/-/axobject-query-4.1.0.tgz 55034ms (cache miss)
2877 http fetch GET 200 https://registry.npmjs.org/@eslint-community/eslint-utils/-/eslint-utils-4.4.1.tgz 54895ms (cache miss)
2878 http fetch GET 200 https://registry.npmjs.org/esquery/-/esquery-1.6.0.tgz 54997ms (cache miss)
2879 http fetch GET 200 https://registry.npmjs.org/@eslint-community/regexpp/-/regexpp-4.12.1.tgz 54997ms (cache miss)
2880 http fetch GET 200 https://registry.npmjs.org/es-iterator-helpers/-/es-iterator-helpers-1.2.0.tgz 55276ms (cache miss)
2881 http fetch GET 200 https://registry.npmjs.org/uri-js/-/uri-js-4.4.1.tgz 55237ms (cache miss)
2882 http fetch GET 200 https://registry.npmjs.org/js-yaml/-/js-yaml-4.1.0.tgz 55537ms (cache miss)
2883 http fetch GET 200 https://registry.npmjs.org/fast-glob/-/fast-glob-3.3.1.tgz 55578ms (cache miss)
2884 http fetch GET 200 https://registry.npmjs.org/csstype/-/csstype-3.1.3.tgz 55653ms (cache miss)
2885 http fetch GET 200 https://registry.npmjs.org/resolve/-/resolve-1.22.8.tgz 56312ms (cache miss)
2886 http fetch GET 200 https://registry.npmjs.org/@eslint/eslintrc/-/eslintrc-2.1.4.tgz 56242ms (cache miss)
2887 http fetch GET 200 https://registry.npmjs.org/undici-types/-/undici-types-6.19.8.tgz 56282ms (cache miss)
2888 http fetch GET 200 https://registry.npmjs.org/aria-query/-/aria-query-5.3.2.tgz 56567ms (cache miss)
2889 http fetch GET 200 https://registry.npmjs.org/@rushstack/eslint-patch/-/eslint-patch-1.10.4.tgz 57253ms (cache miss)
2890 verbose reify failed optional dependency C:\Users\Eniola\everythingmeat-frontend\node_modules\@img\sharp-win32-x64
2891 silly reify mark deleted [
2891 silly reify   'C:\\Users\\Eniola\\everythingmeat-frontend\\node_modules\\@img\\sharp-win32-x64'
2891 silly reify ]
2892 http fetch GET 200 https://registry.npmjs.org/@typescript-eslint/utils/-/utils-8.17.0.tgz 59308ms (cache miss)
2893 http fetch GET 200 https://registry.npmjs.org/eslint-plugin-import/-/eslint-plugin-import-2.31.0.tgz 62486ms (cache miss)
2894 http fetch GET 200 https://registry.npmjs.org/eslint-config-next/-/eslint-config-next-15.0.3.tgz 62782ms (cache miss)
2895 http fetch GET 200 https://registry.npmjs.org/ajv/-/ajv-6.12.6.tgz 62903ms (cache miss)
2896 http fetch GET 200 https://registry.npmjs.org/@types/react-dom/-/react-dom-18.3.1.tgz 62877ms (cache miss)
2897 http fetch GET 200 https://registry.npmjs.org/@typescript-eslint/typescript-estree/-/typescript-estree-8.17.0.tgz 63582ms (cache miss)
2898 http fetch GET 200 https://registry.npmjs.org/graphemer/-/graphemer-1.4.0.tgz 63574ms (cache miss)
2899 http fetch GET 200 https://registry.npmjs.org/react/-/react-19.0.0-rc-66855b96-20241106.tgz 64279ms (cache miss)
2900 http fetch GET 200 https://registry.npmjs.org/@types/react/-/react-18.3.13.tgz 64281ms (cache miss)
2901 http fetch GET 200 https://registry.npmjs.org/postcss/-/postcss-8.4.49.tgz 65397ms (cache miss)
2902 http fetch GET 200 https://registry.npmjs.org/emoji-regex/-/emoji-regex-8.0.0.tgz 65406ms (cache miss)
2903 http fetch GET 200 https://registry.npmjs.org/eslint-plugin-jsx-a11y/-/eslint-plugin-jsx-a11y-6.10.2.tgz 67234ms (cache miss)
2904 http fetch GET 200 https://registry.npmjs.org/string-width/-/string-width-4.2.3.tgz 67178ms (cache miss)
2905 http fetch GET 200 https://registry.npmjs.org/ansi-regex/-/ansi-regex-6.1.0.tgz 67178ms (cache miss)
2906 http fetch GET 200 https://registry.npmjs.org/strip-ansi/-/strip-ansi-7.1.0.tgz 67177ms (cache miss)
2907 http fetch GET 200 https://registry.npmjs.org/ansi-regex/-/ansi-regex-6.1.0.tgz 68706ms (cache miss)
2908 http fetch GET 200 https://registry.npmjs.org/strip-ansi/-/strip-ansi-7.1.0.tgz 68713ms (cache miss)
2909 http fetch GET 200 https://registry.npmjs.org/ansi-regex/-/ansi-regex-6.1.0.tgz 68712ms (cache miss)
2910 http fetch GET 200 https://registry.npmjs.org/emoji-regex/-/emoji-regex-8.0.0.tgz 68720ms (cache miss)
2911 http fetch GET 200 https://registry.npmjs.org/strip-ansi/-/strip-ansi-7.1.0.tgz 70114ms (cache miss)
2912 http fetch GET 200 https://registry.npmjs.org/brace-expansion/-/brace-expansion-2.0.1.tgz 70113ms (cache miss)
2913 http fetch GET 200 https://registry.npmjs.org/ansi-styles/-/ansi-styles-6.2.1.tgz 71010ms (cache miss)
2914 http fetch GET 200 https://registry.npmjs.org/brace-expansion/-/brace-expansion-2.0.1.tgz 71021ms (cache miss)
2915 http fetch GET 200 https://registry.npmjs.org/debug/-/debug-3.2.7.tgz 71133ms (cache miss)
2916 http fetch GET 200 https://registry.npmjs.org/espree/-/espree-9.6.1.tgz 71161ms (cache miss)
2917 http fetch GET 200 https://registry.npmjs.org/@types/node/-/node-20.17.9.tgz 73371ms (cache miss)
2918 http fetch GET 200 https://registry.npmjs.org/minimatch/-/minimatch-9.0.5.tgz 74463ms (cache miss)
2919 http fetch GET 200 https://registry.npmjs.org/glob/-/glob-10.4.5.tgz 75406ms (cache miss)
2920 http fetch GET 200 https://registry.npmjs.org/@swc/helpers/-/helpers-0.5.13.tgz 76141ms (cache miss)
2921 http fetch GET 200 https://registry.npmjs.org/react-dom/-/react-dom-19.0.0-rc-66855b96-20241106.tgz 75855ms (cache miss)
2922 http fetch GET 200 https://registry.npmjs.org/eslint-plugin-react/-/eslint-plugin-react-7.37.2.tgz 76188ms (cache miss)
2923 http fetch GET 200 https://registry.npmjs.org/glob-parent/-/glob-parent-5.1.2.tgz 76603ms (cache miss)
2924 http fetch GET 200 https://registry.npmjs.org/glob-parent/-/glob-parent-5.1.2.tgz 77048ms (cache miss)
2925 http fetch GET 200 https://registry.npmjs.org/@typescript-eslint/scope-manager/-/scope-manager-8.17.0.tgz 78896ms (cache miss)
2926 http fetch GET 200 https://registry.npmjs.org/@typescript-eslint/eslint-plugin/-/eslint-plugin-8.17.0.tgz 79136ms (cache miss)
2927 http fetch GET 200 https://registry.npmjs.org/eslint/-/eslint-8.57.1.tgz 79056ms (cache miss)
2928 warn deprecated eslint@8.57.1: This version is no longer supported. Please see https://eslint.org/version-support for other options.
2929 http fetch GET 200 https://registry.npmjs.org/caniuse-lite/-/caniuse-lite-1.0.30001686.tgz 80023ms (cache miss)
2930 http fetch GET 200 https://registry.npmjs.org/minimatch/-/minimatch-9.0.5.tgz 79941ms (cache miss)
2931 http fetch GET 200 https://registry.npmjs.org/glob-parent/-/glob-parent-5.1.2.tgz 80628ms (cache miss)
2932 http fetch GET 200 https://registry.npmjs.org/eslint-visitor-keys/-/eslint-visitor-keys-4.2.0.tgz 80635ms (cache miss)
2933 http fetch GET 200 https://registry.npmjs.org/semver/-/semver-6.3.1.tgz 80640ms (cache miss)
2934 http fetch GET 200 https://registry.npmjs.org/semver/-/semver-6.3.1.tgz 80644ms (cache miss)
2935 http fetch GET 200 https://registry.npmjs.org/doctrine/-/doctrine-2.1.0.tgz 81329ms (cache miss)
2936 http fetch GET 200 https://registry.npmjs.org/doctrine/-/doctrine-2.1.0.tgz 81428ms (cache miss)
2937 http fetch GET 200 https://registry.npmjs.org/debug/-/debug-3.2.7.tgz 81497ms (cache miss)
2938 http fetch GET 200 https://registry.npmjs.org/glob-parent/-/glob-parent-5.1.2.tgz 81589ms (cache miss)
2939 http fetch GET 200 https://registry.npmjs.org/resolve/-/resolve-2.0.0-next.5.tgz 81609ms (cache miss)
2940 http fetch GET 200 https://registry.npmjs.org/glob-parent/-/glob-parent-5.1.2.tgz 81608ms (cache miss)
2941 http fetch GET 200 https://registry.npmjs.org/fast-glob/-/fast-glob-3.3.2.tgz 81642ms (cache miss)
2942 http fetch GET 200 https://registry.npmjs.org/debug/-/debug-3.2.7.tgz 81752ms (cache miss)
2943 http fetch GET 200 https://registry.npmjs.org/semver/-/semver-7.6.3.tgz 82168ms (cache miss)
2944 http fetch GET 200 https://registry.npmjs.org/fast-glob/-/fast-glob-3.3.2.tgz 82173ms (cache miss)
2945 http fetch GET 200 https://registry.npmjs.org/fast-glob/-/fast-glob-3.3.2.tgz 82283ms (cache miss)
2946 http fetch GET 200 https://registry.npmjs.org/tailwindcss/-/tailwindcss-3.4.16.tgz 85958ms (cache miss)
2947 http fetch GET 200 https://registry.npmjs.org/postcss/-/postcss-8.4.31.tgz 87007ms (cache miss)
2948 http fetch GET 200 https://registry.npmjs.org/typescript/-/typescript-5.7.2.tgz 89373ms (cache miss)
2949 http fetch GET 200 https://registry.npmjs.org/es-abstract/-/es-abstract-1.23.5.tgz 90546ms (cache miss)
2950 http fetch GET 200 https://registry.npmjs.org/next/-/next-15.0.3.tgz 377099ms (cache miss)
2951 http fetch GET 200 https://registry.npmjs.org/@next/swc-win32-x64-msvc/-/swc-win32-x64-msvc-15.0.3.tgz 462213ms (cache miss)
2952 info run sharp@0.33.5 install node_modules/sharp node install/check
2953 info run sharp@0.33.5 install { code: 0, signal: null }
2954 warn cleanup Failed to remove some directories [
2954 warn cleanup   [
2954 warn cleanup     'C:\\Users\\Eniola\\everythingmeat-frontend\\node_modules\\@img\\sharp-win32-x64',
2954 warn cleanup     [Error: ENOTEMPTY: directory not empty, rmdir 'C:\Users\Eniola\everythingmeat-frontend\node_modules\@img\sharp-win32-x64\lib'] {
2954 warn cleanup       errno: -4051,
2954 warn cleanup       code: 'ENOTEMPTY',
2954 warn cleanup       syscall: 'rmdir',
2954 warn cleanup       path: 'C:\\Users\\Eniola\\everythingmeat-frontend\\node_modules\\@img\\sharp-win32-x64\\lib'
2954 warn cleanup     }
2954 warn cleanup   ]
2954 warn cleanup ]
2955 silly ADD node_modules/is-fullwidth-code-point
2956 silly ADD node_modules/eastasianwidth
2957 silly ADD node_modules/lru-cache
2958 silly ADD node_modules/wrap-ansi-cjs
2959 silly ADD node_modules/wrap-ansi-cjs/node_modules/emoji-regex
2960 silly ADD node_modules/wrap-ansi-cjs/node_modules/string-width
2961 silly ADD node_modules/wrap-ansi
2962 silly ADD node_modules/wrap-ansi/node_modules/ansi-regex
2963 silly ADD node_modules/wrap-ansi/node_modules/strip-ansi
2964 silly ADD node_modules/wrap-ansi/node_modules/ansi-styles
2965 silly ADD node_modules/strip-ansi-cjs
2966 silly ADD node_modules/string-width-cjs
2967 silly ADD node_modules/string-width-cjs/node_modules/emoji-regex
2968 silly ADD node_modules/string-width
2969 silly ADD node_modules/string-width/node_modules/ansi-regex
2970 silly ADD node_modules/string-width/node_modules/strip-ansi
2971 silly ADD node_modules/@pkgjs/parseargs
2972 silly ADD node_modules/@isaacs/cliui
2973 silly ADD node_modules/@isaacs/cliui/node_modules/ansi-regex
2974 silly ADD node_modules/@isaacs/cliui/node_modules/strip-ansi
2975 silly ADD node_modules/signal-exit
2976 silly ADD node_modules/path-scurry
2977 silly ADD node_modules/package-json-from-dist
2978 silly ADD node_modules/minipass
2979 silly ADD node_modules/jackspeak
2980 silly ADD node_modules/foreground-child
2981 silly ADD node_modules/is-weakset
2982 silly ADD node_modules/is-weakmap
2983 silly ADD node_modules/is-set
2984 silly ADD node_modules/is-map
2985 silly ADD node_modules/which-collection
2986 silly ADD node_modules/is-generator-function
2987 silly ADD node_modules/is-finalizationregistry
2988 silly ADD node_modules/is-async-function
2989 silly ADD node_modules/is-number-object
2990 silly ADD node_modules/is-boolean-object
2991 silly ADD node_modules/is-bigint
2992 silly ADD node_modules/isexe
2993 silly ADD node_modules/punycode
2994 silly ADD node_modules/which-boxed-primitive
2995 silly ADD node_modules/has-bigints
2996 silly ADD node_modules/for-each
2997 silly ADD node_modules/strip-bom
2998 silly ADD node_modules/minimist
2999 silly ADD node_modules/json5
3000 silly ADD node_modules/@types/json5
3001 silly ADD node_modules/is-number
3002 silly ADD node_modules/thenify
3003 silly ADD node_modules/thenify-all
3004 silly ADD node_modules/any-promise
3005 silly ADD node_modules/@jridgewell/resolve-uri
3006 silly ADD node_modules/@jridgewell/trace-mapping
3007 silly ADD node_modules/@jridgewell/sourcemap-codec
3008 silly ADD node_modules/@jridgewell/set-array
3009 silly ADD node_modules/ts-interface-checker
3010 silly ADD node_modules/pirates
3011 silly ADD node_modules/mz
3012 silly ADD node_modules/lines-and-columns
3013 silly ADD node_modules/commander
3014 silly ADD node_modules/@jridgewell/gen-mapping
3015 silly ADD node_modules/pify
3016 silly ADD node_modules/util-deprecate
3017 silly ADD node_modules/cssesc
3018 silly ADD node_modules/yaml
3019 silly ADD node_modules/camelcase-css
3020 silly ADD node_modules/read-cache
3021 silly ADD node_modules/postcss-value-parser
3022 silly ADD node_modules/binary-extensions
3023 silly ADD node_modules/readdirp
3024 silly ADD node_modules/is-binary-path
3025 silly ADD
3026 silly ADD node_modules/anymatch
3027 silly ADD node_modules/sucrase
3028 silly ADD node_modules/sucrase/node_modules/brace-expansion
3029 silly ADD node_modules/sucrase/node_modules/minimatch
3030 silly ADD node_modules/sucrase/node_modules/glob
3031 silly ADD node_modules/postcss-selector-parser
3032 silly ADD node_modules/postcss-nested
3033 silly ADD node_modules/postcss-load-config
3034 silly ADD node_modules/postcss-js
3035 silly ADD node_modules/postcss-import
3036 silly ADD node_modules/object-hash
3037 silly ADD node_modules/normalize-path
3038 silly ADD node_modules/lilconfig
3039 silly ADD node_modules/jiti
3040 silly ADD node_modules/dlv
3041 silly ADD node_modules/didyoumean
3042 silly ADD node_modules/chokidar
3043 silly ADD node_modules/chokidar/node_modules/glob-parent
3044 silly ADD node_modules/arg
3045 silly ADD node_modules/@alloc/quick-lru
3046 silly ADD node_modules/has-flag
3047 silly ADD node_modules/client-only
3048 silly ADD node_modules/ansi-regex
3049 silly ADD node_modules/is-arrayish
3050 silly ADD node_modules/shebang-regex
3051 silly ADD node_modules/simple-swizzle
3052 silly ADD node_modules/color-string
3053 silly ADD
3054 silly ADD node_modules/detect-libc
3055 silly ADD node_modules/color
3056 silly ADD
3057 silly ADD
3058 silly ADD
3059 silly ADD
3060 silly ADD
3061 silly ADD
3062 silly ADD
3063 silly ADD
3064 silly ADD
3065 silly ADD
3066 silly ADD
3067 silly ADD
3068 silly ADD
3069 silly ADD
3070 silly ADD
3071 silly ADD
3072 silly ADD
3073 silly ADD
3074 silly ADD
3075 silly ADD node_modules/isarray
3076 silly ADD node_modules/queue-microtask
3077 silly ADD node_modules/wrappy
3078 silly ADD node_modules/path-is-absolute
3079 silly ADD node_modules/once
3080 silly ADD node_modules/inherits
3081 silly ADD node_modules/inflight
3082 silly ADD node_modules/fs.realpath
3083 silly ADD node_modules/glob
3084 silly ADD node_modules/supports-preserve-symlinks-flag
3085 silly ADD node_modules/path-parse
3086 silly ADD node_modules/which-builtin-type
3087 silly ADD node_modules/scheduler
3088 silly ADD node_modules/js-tokens
3089 silly ADD node_modules/react-is
3090 silly ADD node_modules/object-assign
3091 silly ADD node_modules/loose-envify
3092 silly ADD node_modules/source-map-js
3093 silly ADD node_modules/picocolors
3094 silly ADD node_modules/nanoid
3095 silly ADD node_modules/callsites
3096 silly ADD node_modules/yocto-queue
3097 silly ADD node_modules/p-limit
3098 silly ADD node_modules/word-wrap
3099 silly ADD node_modules/fast-levenshtein
3100 silly ADD node_modules/deep-is
3101 silly ADD node_modules/streamsearch
3102 silly ADD node_modules/tslib
3103 silly ADD node_modules/styled-jsx
3104 silly ADD node_modules/sharp
3105 silly ADD node_modules/caniuse-lite
3106 silly ADD node_modules/busboy
3107 silly ADD node_modules/@swc/helpers
3108 silly ADD node_modules/@swc/counter
3109 silly ADD node_modules/@next/swc-win32-x64-msvc
3110 silly ADD
3111 silly ADD
3112 silly ADD
3113 silly ADD
3114 silly ADD
3115 silly ADD
3116 silly ADD
3117 silly ADD node_modules/@next/env
3118 silly ADD node_modules/concat-map
3119 silly ADD node_modules/balanced-match
3120 silly ADD node_modules/brace-expansion
3121 silly ADD node_modules/to-regex-range
3122 silly ADD node_modules/fill-range
3123 silly ADD node_modules/picomatch
3124 silly ADD node_modules/braces
3125 silly ADD node_modules/p-locate
3126 silly ADD node_modules/type-check
3127 silly ADD node_modules/prelude-ls
3128 silly ADD node_modules/language-subtag-registry
3129 silly ADD node_modules/json-buffer
3130 silly ADD node_modules/argparse
3131 silly ADD node_modules/set-function-name
3132 silly ADD node_modules/reflect.getprototypeof
3133 silly ADD node_modules/is-extglob
3134 silly ADD node_modules/side-channel
3135 silly ADD node_modules/resolve-from
3136 silly ADD node_modules/parent-module
3137 silly ADD node_modules/type-fest
3138 silly ADD node_modules/resolve-pkg-maps
3139 silly ADD node_modules/functions-have-names
3140 silly ADD node_modules/rimraf
3141 silly ADD node_modules/keyv
3142 silly ADD node_modules/flatted
3143 silly ADD node_modules/path-exists
3144 silly ADD node_modules/locate-path
3145 silly ADD node_modules/flat-cache
3146 silly ADD node_modules/reusify
3147 silly ADD node_modules/micromatch
3148 silly ADD node_modules/merge2
3149 silly ADD node_modules/acorn-jsx
3150 silly ADD node_modules/acorn
3151 silly ADD node_modules/esrecurse
3152 silly ADD node_modules/iterator.prototype
3153 silly ADD node_modules/string.prototype.repeat
3154 silly ADD node_modules/string.prototype.matchall
3155 silly ADD node_modules/prop-types
3156 silly ADD node_modules/object.entries
3157 silly ADD node_modules/estraverse
3158 silly ADD node_modules/es-iterator-helpers
3159 silly ADD node_modules/array.prototype.tosorted
3160 silly ADD node_modules/array.prototype.findlast
3161 silly ADD node_modules/string.prototype.includes
3162 silly ADD node_modules/language-tags
3163 silly ADD node_modules/jsx-ast-utils
3164 silly ADD node_modules/emoji-regex
3165 silly ADD node_modules/damerau-levenshtein
3166 silly ADD node_modules/axobject-query
3167 silly ADD node_modules/axe-core
3168 silly ADD node_modules/ast-types-flow
3169 silly ADD node_modules/aria-query
3170 silly ADD node_modules/is-symbol
3171 silly ADD node_modules/is-date-object
3172 silly ADD node_modules/has-tostringtag
3173 silly ADD node_modules/possible-typed-array-names
3174 silly ADD node_modules/which-typed-array
3175 silly ADD node_modules/unbox-primitive
3176 silly ADD node_modules/typed-array-length
3177 silly ADD node_modules/typed-array-byte-offset
3178 silly ADD node_modules/typed-array-byte-length
3179 silly ADD node_modules/typed-array-buffer
3180 silly ADD node_modules/string.prototype.trimstart
3181 silly ADD node_modules/string.prototype.trim
3182 silly ADD node_modules/safe-regex-test
3183 silly ADD node_modules/safe-array-concat
3184 silly ADD node_modules/regexp.prototype.flags
3185 silly ADD node_modules/object.assign
3186 silly ADD node_modules/object-inspect
3187 silly ADD node_modules/is-weakref
3188 silly ADD node_modules/is-typed-array
3189 silly ADD node_modules/is-shared-array-buffer
3190 silly ADD node_modules/is-regex
3191 silly ADD node_modules/is-negative-zero
3192 silly ADD node_modules/is-data-view
3193 silly ADD node_modules/is-callable
3194 silly ADD node_modules/is-array-buffer
3195 silly ADD node_modules/internal-slot
3196 silly ADD node_modules/has-symbols
3197 silly ADD node_modules/has-proto
3198 silly ADD node_modules/globalthis
3199 silly ADD node_modules/get-symbol-description
3200 silly ADD node_modules/function.prototype.name
3201 silly ADD node_modules/es-to-primitive
3202 silly ADD node_modules/es-set-tostringtag
3203 silly ADD node_modules/data-view-byte-offset
3204 silly ADD node_modules/data-view-byte-length
3205 silly ADD node_modules/data-view-buffer
3206 silly ADD node_modules/available-typed-arrays
3207 silly ADD node_modules/arraybuffer.prototype.slice
3208 silly ADD node_modules/array-buffer-byte-length
3209 silly ADD node_modules/gopd
3210 silly ADD node_modules/object-keys
3211 silly ADD node_modules/has-property-descriptors
3212 silly ADD node_modules/define-data-property
3213 silly ADD node_modules/set-function-length
3214 silly ADD node_modules/function-bind
3215 silly ADD node_modules/es-define-property
3216 silly ADD node_modules/es-shim-unscopables
3217 silly ADD node_modules/es-errors
3218 silly ADD node_modules/is-string
3219 silly ADD node_modules/get-intrinsic
3220 silly ADD node_modules/es-object-atoms
3221 silly ADD node_modules/es-abstract
3222 silly ADD node_modules/define-properties
3223 silly ADD node_modules/call-bind
3224 silly ADD node_modules/tsconfig-paths
3225 silly ADD node_modules/string.prototype.trimend
3226 silly ADD node_modules/object.values
3227 silly ADD node_modules/object.groupby
3228 silly ADD node_modules/object.fromentries
3229 silly ADD node_modules/hasown
3230 silly ADD node_modules/eslint-module-utils
3231 silly ADD node_modules/eslint-module-utils/node_modules/debug
3232 silly ADD node_modules/array.prototype.flatmap
3233 silly ADD node_modules/array.prototype.flat
3234 silly ADD node_modules/array.prototype.findlastindex
3235 silly ADD node_modules/array-includes
3236 silly ADD node_modules/@rtsao/scc
3237 silly ADD node_modules/tapable
3238 silly ADD node_modules/graceful-fs
3239 silly ADD node_modules/stable-hash
3240 silly ADD node_modules/is-bun-module
3241 silly ADD node_modules/get-tsconfig
3242 silly ADD node_modules/enhanced-resolve
3243 silly ADD node_modules/@nolyfill/is-core-module
3244 silly ADD node_modules/resolve
3245 silly ADD node_modules/is-core-module
3246 silly ADD node_modules/semver
3247 silly ADD node_modules/@typescript-eslint/typescript-estree
3248 silly ADD node_modules/@typescript-eslint/typescript-estree/node_modules/brace-expansion
3249 silly ADD node_modules/@typescript-eslint/typescript-estree/node_modules/glob-parent
3250 silly ADD node_modules/@typescript-eslint/typescript-estree/node_modules/minimatch
3251 silly ADD node_modules/@typescript-eslint/typescript-estree/node_modules/fast-glob
3252 silly ADD node_modules/@typescript-eslint/types
3253 silly ADD node_modules/ts-api-utils
3254 silly ADD node_modules/@typescript-eslint/visitor-keys
3255 silly ADD node_modules/@typescript-eslint/visitor-keys/node_modules/eslint-visitor-keys
3256 silly ADD node_modules/@typescript-eslint/utils
3257 silly ADD node_modules/@typescript-eslint/type-utils
3258 silly ADD node_modules/@typescript-eslint/scope-manager
3259 silly ADD node_modules/fast-glob
3260 silly ADD node_modules/fast-glob/node_modules/glob-parent
3261 silly ADD node_modules/eslint-plugin-react-hooks
3262 silly ADD node_modules/eslint-plugin-react
3263 silly ADD node_modules/eslint-plugin-react/node_modules/semver
3264 silly ADD node_modules/eslint-plugin-react/node_modules/resolve
3265 silly ADD node_modules/eslint-plugin-react/node_modules/doctrine
3266 silly ADD node_modules/eslint-plugin-jsx-a11y
3267 silly ADD node_modules/eslint-plugin-import
3268 silly ADD node_modules/eslint-plugin-import/node_modules/semver
3269 silly ADD node_modules/eslint-plugin-import/node_modules/doctrine
3270 silly ADD node_modules/eslint-plugin-import/node_modules/debug
3271 silly ADD node_modules/eslint-import-resolver-typescript
3272 silly ADD node_modules/eslint-import-resolver-typescript/node_modules/glob-parent
3273 silly ADD node_modules/eslint-import-resolver-typescript/node_modules/fast-glob
3274 silly ADD node_modules/eslint-import-resolver-node
3275 silly ADD node_modules/eslint-import-resolver-node/node_modules/debug
3276 silly ADD node_modules/@typescript-eslint/parser
3277 silly ADD node_modules/@typescript-eslint/eslint-plugin
3278 silly ADD node_modules/@rushstack/eslint-patch
3279 silly ADD node_modules/@next/eslint-plugin-next
3280 silly ADD node_modules/ms
3281 silly ADD node_modules/which
3282 silly ADD node_modules/shebang-command
3283 silly ADD node_modules/path-key
3284 silly ADD node_modules/color-name
3285 silly ADD node_modules/color-convert
3286 silly ADD node_modules/supports-color
3287 silly ADD node_modules/ansi-styles
3288 silly ADD node_modules/uri-js
3289 silly ADD node_modules/json-schema-traverse
3290 silly ADD node_modules/fast-json-stable-stringify
3291 silly ADD node_modules/run-parallel
3292 silly ADD node_modules/@nodelib/fs.stat
3293 silly ADD node_modules/fastq
3294 silly ADD node_modules/@nodelib/fs.scandir
3295 silly ADD node_modules/@humanwhocodes/object-schema
3296 silly ADD node_modules/strip-json-comments
3297 silly ADD node_modules/import-fresh
3298 silly ADD node_modules/text-table
3299 silly ADD node_modules/strip-ansi
3300 silly ADD node_modules/optionator
3301 silly ADD node_modules/natural-compare
3302 silly ADD node_modules/minimatch
3303 silly ADD node_modules/lodash.merge
3304 silly ADD node_modules/levn
3305 silly ADD node_modules/json-stable-stringify-without-jsonify
3306 silly ADD node_modules/js-yaml
3307 silly ADD node_modules/is-path-inside
3308 silly ADD node_modules/is-glob
3309 silly ADD node_modules/imurmurhash
3310 silly ADD node_modules/ignore
3311 silly ADD node_modules/graphemer
3312 silly ADD node_modules/globals
3313 silly ADD node_modules/glob-parent
3314 silly ADD node_modules/find-up
3315 silly ADD node_modules/file-entry-cache
3316 silly ADD node_modules/fast-deep-equal
3317 silly ADD node_modules/esutils
3318 silly ADD node_modules/esquery
3319 silly ADD node_modules/espree
3320 silly ADD node_modules/eslint-visitor-keys
3321 silly ADD node_modules/eslint-scope
3322 silly ADD node_modules/escape-string-regexp
3323 silly ADD node_modules/doctrine
3324 silly ADD node_modules/debug
3325 silly ADD node_modules/cross-spawn
3326 silly ADD node_modules/chalk
3327 silly ADD node_modules/ajv
3328 silly ADD node_modules/@ungap/structured-clone
3329 silly ADD node_modules/@nodelib/fs.walk
3330 silly ADD node_modules/@humanwhocodes/module-importer
3331 silly ADD node_modules/@humanwhocodes/config-array
3332 silly ADD node_modules/@eslint/js
3333 silly ADD node_modules/@eslint/eslintrc
3334 silly ADD node_modules/@eslint-community/regexpp
3335 silly ADD node_modules/@eslint-community/eslint-utils
3336 silly ADD node_modules/csstype
3337 silly ADD node_modules/@types/prop-types
3338 silly ADD node_modules/undici-types
3339 silly ADD node_modules/typescript
3340 silly ADD node_modules/tailwindcss
3341 silly ADD node_modules/tailwindcss/node_modules/fast-glob
3342 silly ADD node_modules/tailwindcss/node_modules/fast-glob/node_modules/glob-parent
3343 silly ADD node_modules/postcss
3344 silly ADD node_modules/react-dom
3345 silly ADD node_modules/react
3346 silly ADD node_modules/next
3347 silly ADD node_modules/next/node_modules/postcss
3348 silly ADD node_modules/eslint-config-next
3349 silly ADD node_modules/eslint
3350 silly ADD node_modules/@types/react-dom
3351 silly ADD node_modules/@types/react
3352 silly ADD node_modules/@types/node
3353 verbose cwd C:\Users\Eniola\everythingmeat-frontend
3354 verbose os Windows_NT 10.0.19045
3355 verbose node v20.14.0
3356 verbose npm  v10.8.1
3357 verbose exit 0
3358 info ok
